commodity,model,ds,yhat,yhat_lower,yhat_upper
Tomatoes,Prophet,2026-08-01,49.05,49.05,67.39900661615215
Tomatoes,Prophet,2026-09-01,236.91498639707007,207.41989976813204,266.88700491410214
Tomatoes,Prophet,2026-10-01,367.47196435139,334.84925186828707,400.21218005590083
Tomatoes,Prophet,2026-11-01,105.78354762347534,74.65008334508603,137.31162011289135
Tomatoes,Prophet,2026-12-01,49.05,49.05,49.05
Tomatoes,Prophet,2027-01-01,106.4460887037591,76.75483511065994,138.1035675863192
Tomatoes,Prophet,2027-02-01,228.96644085330516,198.4086582008624,261.06555780402533
Tomatoes,Prophet,2027-03-01,57.34673489764523,49.05,89.24437818916306
Tomatoes,Prophet,2027-04-01,70.916136359322,49.05,99.29323070881503
Tomatoes,Prophet,2027-05-01,54.99814078368325,49.05,85.41636187464127
Tomatoes,Prophet,2027-06-01,73.39908439467689,49.05,106.03955717318134
Tomatoes,Prophet,2027-07-01,270.9937783549738,241.06084445364445,300.10085199970547
Tomatoes,XGBoost,2026-08-01,181.10260009765625,,
Tomatoes,XGBoost,2026-09-01,106.48748016357422,,
Tomatoes,XGBoost,2026-10-01,99.52153778076172,,
Tomatoes,XGBoost,2026-11-01,82.2365951538086,,
Tomatoes,XGBoost,2026-12-01,97.87911224365234,,
Tomatoes,XGBoost,2027-01-01,92.64391326904297,,
Tomatoes,XGBoost,2027-02-01,70.64911651611328,,
Tomatoes,XGBoost,2027-03-01,111.64358520507812,,
Tomatoes,XGBoost,2027-04-01,259.95135498046875,,
Tomatoes,XGBoost,2027-05-01,171.84959411621094,,
Tomatoes,XGBoost,2027-06-01,94.80113220214844,,
Tomatoes,XGBoost,2027-07-01,79.90210723876953,,
Onions,Prophet,2026-08-01,50.42024839013369,45.51,60.045879010886964
Onions,Prophet,2026-09-01,63.42389492894842,53.10261129039999,73.54165039000057
Onions,Prophet,2026-10-01,119.7773715935096,108.59764891524323,130.6876307742782
Onions,Prophet,2026-11-01,199.81515607711478,187.25383373480446,212.85556062787617
Onions,Prophet,2026-12-01,116.81648465622665,104.885277467943,129.3963907700233
Onions,Prophet,2027-01-01,82.3325280910675,69.79125715254825,94.33396387336418
Onions,Prophet,2027-02-01,106.24550862479083,91.90143280782088,120.06935702360055
Onions,Prophet,2027-03-01,78.33663973586589,64.66275026038369,91.69189344219885
Onions,Prophet,2027-04-01,83.20380509307633,68.77136916020719,97.73659115080406
Onions,Prophet,2027-05-01,95.21224387207552,78.7856445794262,112.29394794293549
Onions,Prophet,2027-06-01,109.73969483010917,88.93244577666668,131.50319780534153
Onions,Prophet,2027-07-01,128.78304718754697,103.27798542671741,154.85811782553967
Onions,XGBoost,2026-08-01,100.98809051513672,,
Onions,XGBoost,2026-09-01,86.13484191894531,,
Onions,XGBoost,2026-10-01,104.40143585205078,,
Onions,XGBoost,2026-11-01,111.47947692871094,,
Onions,XGBoost,2026-12-01,118.5728988647461,,
Onions,XGBoost,2027-01-01,107.20762634277344,,
Onions,XGBoost,2027-02-01,93.83185577392578,,
Onions,XGBoost,2027-03-01,93.57450866699219,,
Onions,XGBoost,2027-04-01,93.69743347167969,,
Onions,XGBoost,2027-05-01,95.32316589355469,,
Onions,XGBoost,2027-06-01,92.79121398925781,,
Onions,XGBoost,2027-07-01,98.29936218261719,,
Potatoes,Prophet,2026-08-01,33.258732952484685,31.12,39.005737108764635
Potatoes,Prophet,2026-09-01,35.85392356969778,31.12,41.437916633065434
Potatoes,Prophet,2026-10-01,36.67267530426951,31.12,42.49796616358152
Potatoes,Prophet,2026-11-01,33.56457529318478,31.12,39.31214908077799
Potatoes,Prophet,2026-12-01,31.12,31.12,31.12
Potatoes,Prophet,2027-01-01,31.12,31.12,31.12
Potatoes,Prophet,2027-02-01,31.12,31.12,31.12
Potatoes,Prophet,2027-03-01,31.12,31.12,31.12
Potatoes,Prophet,2027-04-01,31.12,31.12,31.12
Potatoes,Prophet,2027-05-01,31.12,31.12,31.12
Potatoes,Prophet,2027-06-01,31.12,31.12,31.12
Potatoes,Prophet,2027-07-01,31.12,31.12,31.12
Potatoes,XGBoost,2026-08-01,55.33952331542969,,
Potatoes,XGBoost,2026-09-01,54.945526123046875,,
Potatoes,XGBoost,2026-10-01,57.457672119140625,,
Potatoes,XGBoost,2026-11-01,57.78845977783203,,
Potatoes,XGBoost,2026-12-01,57.43415451049805,,
Potatoes,XGBoost,2027-01-01,41.127159118652344,,
Potatoes,XGBoost,2027-02-01,32.76805114746094,,
Potatoes,XGBoost,2027-03-01,32.64027786254883,,
Potatoes,XGBoost,2027-04-01,35.673336029052734,,
Potatoes,XGBoost,2027-05-01,41.45661544799805,,
Potatoes,XGBoost,2027-06-01,45.52305603027344,,
Potatoes,XGBoost,2027-07-01,55.13483428955078,,
Pulse Moong (Washed),Prophet,2026-08-01,362.1766855706645,356.7990795611938,367.7688210867816
Pulse Moong (Washed),Prophet,2026-09-01,393.31595276148204,387.5605121330747,398.85226560572335
Pulse Moong (Washed),Prophet,2026-10-01,380.8459577118932,374.73139750512837,387.0366524172634
Pulse Moong (Washed),Prophet,2026-11-01,358.99857982498827,352.37365682206746,365.7663375462424
Pulse Moong (Washed),Prophet,2026-12-01,378.21437992258427,371.09729633084225,385.6584683535267
Pulse Moong (Washed),Prophet,2027-01-01,382.0141314239282,374.42383938421875,390.4285985279628
Pulse Moong (Washed),Prophet,2027-02-01,392.1866478055949,383.15717330305756,402.0976941159991
Pulse Moong (Washed),Prophet,2027-03-01,371.93925114283553,360.6828695134419,383.19076061788917
Pulse Moong (Washed),Prophet,2027-04-01,379.06491678972253,367.2616022911364,391.9996787160751
Pulse Moong (Washed),Prophet,2027-05-01,387.23665396230757,372.35676021170576,401.75106228007456
Pulse Moong (Washed),Prophet,2027-06-01,372.7830345636595,356.34649587058504,388.9536830445898
Pulse Moong (Washed),Prophet,2027-07-01,351.8461402412386,332.7637452988341,370.8952785940934
Pulse Moong (Washed),XGBoost,2026-08-01,383.63714599609375,,
Pulse Moong (Washed),XGBoost,2026-09-01,382.59637451171875,,
Pulse Moong (Washed),XGBoost,2026-10-01,383.4588623046875,,
Pulse Moong (Washed),XGBoost,2026-11-01,378.71099853515625,,
Pulse Moong (Washed),XGBoost,2026-12-01,379.5227966308594,,
Pulse Moong (Washed),XGBoost,2027-01-01,388.3763732910156,,
Pulse Moong (Washed),XGBoost,2027-02-01,390.79693603515625,,
Pulse Moong (Washed),XGBoost,2027-03-01,391.00439453125,,
Pulse Moong (Washed),XGBoost,2027-04-01,391.8687438964844,,
Pulse Moong (Washed),XGBoost,2027-05-01,391.74676513671875,,
Pulse Moong (Washed),XGBoost,2027-06-01,383.751220703125,,
Pulse Moong (Washed),XGBoost,2027-07-01,374.083740234375,,
Pulse Gram,Prophet,2026-08-01,257.6785831893592,245.61,294.4019021716143
Pulse Gram,Prophet,2026-09-01,292.3257680658468,253.96267066931196,327.6160012443159
Pulse Gram,Prophet,2026-10-01,305.6543029586848,269.5582874706263,341.9530299618564
Pulse Gram,Prophet,2026-11-01,304.3598676232362,269.2661951136464,345.4280365892798
Pulse Gram,Prophet,2026-12-01,284.1490296012361,245.61,321.54200449203336
Pulse Gram,Prophet,2027-01-01,245.61,245.61,259.4341923098566
Pulse Gram,Prophet,2027-02-01,245.61,245.61,245.61
Pulse Gram,Prophet,2027-03-01,245.61,245.61,278.5226818158337
Pulse Gram,Prophet,2027-04-01,245.61,245.61,260.17642959771706
Pulse Gram,Prophet,2027-05-01,245.61,245.61,249.5819987699008
Pulse Gram,Prophet,2027-06-01,245.61,245.61,245.61
Pulse Gram,Prophet,2027-07-01,245.61,245.61,245.61
Pulse Gram,XGBoost,2026-08-01,254.64688110351562,,
Pulse Gram,XGBoost,2026-09-01,258.4866943359375,,
Pulse Gram,XGBoost,2026-10-01,262.4309997558594,,
Pulse Gram,XGBoost,2026-11-01,260.57598876953125,,
Pulse Gram,XGBoost,2026-12-01,258.8586730957031,,
Pulse Gram,XGBoost,2027-01-01,259.4765625,,
Pulse Gram,XGBoost,2027-02-01,253.838623046875,,
Pulse Gram,XGBoost,2027-03-01,251.79676818847656,,
Pulse Gram,XGBoost,2027-04-01,250.25643920898438,,
Pulse Gram,XGBoost,2027-05-01,249.68011474609375,,
Pulse Gram,XGBoost,2027-06-01,280.0787048339844,,
Pulse Gram,XGBoost,2027-07-01,292.5755310058594,,
Pulse Masoor (Washed),Prophet,2026-08-01,257.64,257.64,257.64
Pulse Masoor (Washed),Prophet,2026-09-01,257.64,257.64,257.64
Pulse Masoor (Washed),Prophet,2026-10-01,257.64,257.64,257.64
Pulse Masoor (Washed),Prophet,2026-11-01,257.64,257.64,257.64
Pulse Masoor (Washed),Prophet,2026-12-01,257.64,257.64,257.64
Pulse Masoor (Washed),Prophet,2027-01-01,257.64,257.64,257.64
Pulse Masoor (Washed),Prophet,2027-02-01,257.64,257.64,257.64
Pulse Masoor (Washed),Prophet,2027-03-01,257.64,257.64,257.64
Pulse Masoor (Washed),Prophet,2027-04-01,257.64,257.64,257.64
Pulse Masoor (Washed),Prophet,2027-05-01,257.64,257.64,257.64
Pulse Masoor (Washed),Prophet,2027-06-01,257.64,257.64,257.64
Pulse Masoor (Washed),Prophet,2027-07-01,257.64,257.64,257.64
Pulse Masoor (Washed),XGBoost,2026-08-01,259.4133605957031,,
Pulse Masoor (Washed),XGBoost,2026-09-01,260.10528564453125,,
Pulse Masoor (Washed),XGBoost,2026-10-01,260.5911560058594,,
Pulse Masoor (Washed),XGBoost,2026-11-01,260.75579833984375,,
Pulse Masoor (Washed),XGBoost,2026-12-01,260.91094970703125,,
Pulse Masoor (Washed),XGBoost,2027-01-01,261.0261535644531,,
Pulse Masoor (Washed),XGBoost,2027-02-01,260.9524841308594,,
Pulse Masoor (Washed),XGBoost,2027-03-01,260.2357482910156,,
Pulse Masoor (Washed),XGBoost,2027-04-01,259.9966125488281,,
Pulse Masoor (Washed),XGBoost,2027-05-01,258.47955322265625,,
Pulse Masoor (Washed),XGBoost,2027-06-01,258.06182861328125,,
Pulse Masoor (Washed),XGBoost,2027-07-01,257.7876892089844,,
Pulse Mash (Washed),Prophet,2026-08-01,494.0969555817618,486.02857259531885,502.1750923744167
Pulse Mash (Washed),Prophet,2026-09-01,527.8753112492262,519.8107430992494,536.2892077457468
Pulse Mash (Washed),Prophet,2026-10-01,532.5253592346759,523.6485176738774,541.4351687113639
Pulse Mash (Washed),Prophet,2026-11-01,515.2022645961579,505.5108687623069,525.0306218242878
Pulse Mash (Washed),Prophet,2026-12-01,490.57990220610645,478.7396655239206,501.6588088301092
Pulse Mash (Washed),Prophet,2027-01-01,458.399236784113,445.18144020663857,471.63491824107564
Pulse Mash (Washed),Prophet,2027-02-01,493.9047787458068,478.2858643663986,508.85982756810625
Pulse Mash (Washed),Prophet,2027-03-01,532.4120011703053,514.2265949491934,549.3772841186349
Pulse Mash (Washed),Prophet,2027-04-01,543.0980777272434,523.0283014918848,563.1949550730625
Pulse Mash (Washed),Prophet,2027-05-01,528.9071717254237,504.54789752952007,551.7236890897401
Pulse Mash (Washed),Prophet,2027-06-01,518.2471298888416,490.12768067113984,542.6163453249127
Pulse Mash (Washed),Prophet,2027-07-01,499.3761674005947,469.06820406133755,527.3700762613929
Pulse Mash (Washed),XGBoost,2026-08-01,447.50982666015625,,
Pulse Mash (Washed),XGBoost,2026-09-01,447.9087829589844,,
Pulse Mash (Washed),XGBoost,2026-10-01,450.0687255859375,,
Pulse Mash (Washed),XGBoost,2026-11-01,444.7635803222656,,
Pulse Mash (Washed),XGBoost,2026-12-01,439.40203857421875,,
Pulse Mash (Washed),XGBoost,2027-01-01,430.3616943359375,,
Pulse Mash (Washed),XGBoost,2027-02-01,455.0457458496094,,
Pulse Mash (Washed),XGBoost,2027-03-01,459.84197998046875,,
Pulse Mash (Washed),XGBoost,2027-04-01,470.3562316894531,,
Pulse Mash (Washed),XGBoost,2027-05-01,460.1189880371094,,
Pulse Mash (Washed),XGBoost,2027-06-01,460.5538330078125,,
Pulse Mash (Washed),XGBoost,2027-07-01,454.705078125,,
