ds,y,commodity,unit,month,quarter,month_sin,month_cos,price_lag_1,price_lag_2,price_lag_3,price_lag_6,price_lag_12,rolling_mean_3,rolling_std_3,rolling_mean_6,rolling_std_6,price_diff_1,mom_pct_change_1
2024-03-01,122.11,Tomatoes,1 Kg,3,1,1.0,6.123233995736766e-17,122.11,138.21,111.21,102.11,64.76,123.84333333333335,13.583200408347597,124.65500000000002,21.80191895223905,-16.10000000000001,-11.648940018811958
2024-04-01,103.9,Tomatoes,1 Kg,4,2,0.8660254037844387,-0.4999999999999998,122.11,122.11,138.21,112.8,55.84,127.47666666666669,9.295339333953024,127.98833333333334,19.01658057240226,0.0,0.0
2024-05-01,67.68,Tomatoes,1 Kg,5,2,0.49999999999999994,-0.8660254037844387,103.9,122.11,122.11,161.49,42.26,116.04,10.513548401943105,126.50500000000001,20.709960646993036,-18.209999999999994,-14.91278355581033
2024-06-01,108.42,Tomatoes,1 Kg,6,2,1.2246467991473532e-16,-1.0,67.68,103.9,122.11,111.21,51.94,97.89666666666666,27.70715130310825,110.87,24.142176372481405,-36.22,-34.8604427333975
2024-07-01,165.1,Tomatoes,1 Kg,7,3,-0.4999999999999997,-0.8660254037844388,108.42,67.68,103.9,138.21,90.53,93.33333333333333,22.33109342001267,110.40500000000002,24.161179400021005,40.739999999999995,60.1950354609929
2024-08-01,132.16,Tomatoes,1 Kg,8,3,-0.8660254037844385,-0.5000000000000004,165.1,108.42,67.68,122.11,115.42,113.73333333333335,48.926861061520526,114.88666666666666,31.675624487398284,56.67999999999999,52.27817745803357
2024-09-01,117.82,Tomatoes,1 Kg,9,3,-1.0,-1.8369701987210297e-16,132.16,165.1,108.42,122.11,102.11,135.22666666666666,28.46416928935982,116.56166666666667,32.39161522163823,-32.94,-19.951544518473654
2024-10-01,138.29,Tomatoes,1 Kg,10,4,-0.8660254037844386,0.5000000000000001,117.82,132.16,165.1,103.9,112.8,138.35999999999999,24.24210386909522,115.84666666666665,32.29184334575321,-14.340000000000003,-10.850484261501213
2024-11-01,165.65,Tomatoes,1 Kg,11,4,-0.5000000000000004,0.8660254037844384,138.29,117.82,132.16,67.68,161.49,129.42333333333332,10.505819022491039,121.57833333333333,32.795377977188586,20.47,17.373960278390765
2024-12-01,178.45,Tomatoes,1 Kg,12,4,-2.4492935982947064e-16,1.0,165.65,138.29,117.82,108.42,111.21,140.58666666666667,23.997567237812575,137.90666666666667,23.728795727273372,27.360000000000014,19.784510810615387
2025-01-01,119.02,Tomatoes,1 Kg,1,1,0.49999999999999994,0.8660254037844387,178.45,165.65,138.29,165.1,138.21,160.79666666666668,20.51517812092637,149.57833333333332,23.546593313400294,12.799999999999983,7.727135526712939
2025-02-01,58.21,Tomatoes,1 Kg,2,1,0.8660254037844386,0.5000000000000001,119.02,178.45,165.65,132.16,122.11,154.37333333333333,31.278645004752622,141.8983333333333,24.94476090618363,-59.42999999999999,-33.303446343513585
2025-03-01,73.04,Tomatoes,1 Kg,3,1,1.0,6.123233995736766e-17,58.21,119.02,178.45,117.82,122.11,118.56000000000002,60.121319845791845,129.57333333333332,42.68178471744904,-60.809999999999995,-51.092253402789446
2025-04-01,64.93,Tomatoes,1 Kg,4,2,0.8660254037844387,-0.4999999999999998,73.04,58.21,119.02,138.29,103.9,83.42333333333335,31.706848366454537,122.11000000000001,48.64636183724328,14.830000000000005,25.476722212678244
2025-05-01,49.05,Tomatoes,1 Kg,5,2,0.49999999999999994,-0.8660254037844387,64.93,73.04,58.21,165.65,67.68,65.39333333333336,7.425848997477817,109.88333333333334,52.807488736605016,-8.11,-11.103504928806132
2025-06-01,80.0,Tomatoes,1 Kg,6,2,1.2246467991473532e-16,-1.0,49.05,64.93,73.04,178.45,108.42,62.34000000000001,12.20291358651733,90.44999999999999,49.533828844538135,-15.88000000000001,-24.457107654397056
2025-07-01,85.63,Tomatoes,1 Kg,7,3,-0.4999999999999997,-0.8660254037844388,80.0,49.05,64.93,119.02,165.1,64.66000000000001,15.476766458146514,74.04166666666667,24.56747070145124,30.950000000000003,63.09887869520898
2025-08-01,112.16,Tomatoes,1 Kg,8,3,-0.8660254037844385,-0.5000000000000004,85.63,80.0,49.05,58.21,132.16,71.56,19.69642861028386,68.47666666666667,13.734822411180456,5.6299999999999955,7.037499999999993
2025-09-01,198.04,Tomatoes,1 Kg,9,3,-1.0,-1.8369701987210297e-16,112.16,85.63,80.0,73.04,117.82,92.59666666666668,17.174610136283754,77.46833333333333,21.26478536610857,26.53,30.982132430223057
2025-10-01,264.57,Tomatoes,1 Kg,10,4,-0.8660254037844386,0.5000000000000001,198.04,112.16,85.63,64.93,138.29,131.94333333333333,58.7582950172428,98.30166666666666,53.244164907214625,85.88,76.56918687589157
2025-11-01,135.99,Tomatoes,1 Kg,11,4,-0.5000000000000004,0.8660254037844384,264.57,198.04,112.16,49.05,165.65,191.59,76.40944902301027,131.575,82.53909104176033,66.53,33.5942233892143
2025-12-01,76.69,Tomatoes,1 Kg,12,4,-2.4492935982947064e-16,1.0,135.99,264.57,198.04,80.0,178.45,199.53333333333333,64.30300640975767,146.065,72.12886211496755,-128.57999999999998,-48.59961446876063
2026-01-01,79.38,Tomatoes,1 Kg,1,1,0.49999999999999994,0.8660254037844387,76.69,135.99,264.57,85.63,119.02,159.08333333333334,96.04530250529349,145.51333333333332,72.74523232945694,-59.30000000000001,-43.60614751084639
2026-02-01,93.8,Tomatoes,1 Kg,2,1,0.8660254037844386,0.5000000000000001,79.38,76.69,135.99,112.16,58.21,97.35333333333334,33.487356320458325,144.47166666666666,73.81116159949434,2.6899999999999977,3.5076281131829417
2026-03-01,71.38,Tomatoes,1 Kg,3,1,1.0,6.123233995736766e-17,93.8,79.38,76.69,198.04,73.04,83.29,9.200766272436587,141.41166666666666,75.77312225760971,14.420000000000002,18.165784832451504
2026-04-01,78.51,Tomatoes,1 Kg,4,2,0.8660254037844387,-0.4999999999999998,71.38,93.8,79.38,264.57,64.93,81.52,11.362165286599499,120.30166666666668,74.47375898037286,-22.42,-23.901918976545844
2026-05-01,60.91,Tomatoes,1 Kg,5,2,0.49999999999999994,-0.8660254037844387,78.51,71.38,93.8,135.99,49.05,81.23,11.454819946206342,89.29166666666667,24.063144779239973,7.13000000000001,9.98879237881761
2026-06-01,96.24,Tomatoes,1 Kg,6,2,1.2246467991473532e-16,-1.0,60.91,78.51,71.38,76.69,80.0,70.26666666666667,8.852662499685628,76.77833333333332,10.774583828002955,-17.60000000000001,-22.41752642975418
2026-07-01,264.13,Tomatoes,1 Kg,7,3,-0.4999999999999997,-0.8660254037844388,96.24,60.91,78.51,79.38,85.63,78.55333333333334,17.665039862206367,80.03666666666666,13.382873632619532,35.33,58.00361188638976
2024-03-01,221.59,Onions,1 Kg,3,1,1.0,6.123233995736766e-17,221.59,214.14,167.38,84.39,134.16,201.03666666666666,29.384588364197626,153.50333333333333,56.93721196780424,7.450000000000017,3.479032408704594
2024-04-01,192.31,Onions,1 Kg,4,2,0.8660254037844387,-0.4999999999999998,221.59,221.59,214.14,106.1,82.94,219.10666666666668,4.301259505463497,176.37,50.85482317342186,0.0,0.0
2024-05-01,113.91,Onions,1 Kg,5,2,0.49999999999999994,-0.8660254037844387,192.31,221.59,221.59,127.42,56.33,211.83,16.904815881872413,190.73833333333334,37.43950289021841,-29.28,-13.21359267114942
2024-06-01,129.98,Onions,1 Kg,6,2,1.2246467991473532e-16,-1.0,113.91,192.31,221.59,167.38,60.67,175.93666666666664,55.67593854919137,188.48666666666668,42.122543449638364,-78.4,-40.76751078987053
2024-07-01,112.88,Onions,1 Kg,7,3,-0.4999999999999997,-0.8660254037844388,129.98,113.91,192.31,214.14,58.97,145.4,41.41222404073457,182.25333333333333,48.19949239013489,16.069999999999993,14.107628829777887
2024-08-01,134.87,Onions,1 Kg,8,3,-0.8660254037844385,-0.5000000000000004,112.88,129.98,113.91,221.59,65.96,118.92333333333333,9.589193570541862,165.37666666666667,52.350594902700685,-17.099999999999994,-13.155870133866745
2024-09-01,149.2,Onions,1 Kg,9,3,-1.0,-1.8369701987210297e-16,134.87,112.88,129.98,221.59,84.39,125.91000000000001,11.54615520422231,150.92333333333332,45.21116838422415,21.99000000000001,19.48086463501064
2024-10-01,154.97,Onions,1 Kg,10,4,-0.8660254037844386,0.5000000000000001,149.2,134.87,112.88,192.31,106.1,132.3166666666667,18.294131117200532,138.85833333333335,29.51628527892133,14.329999999999984,10.625046340920875
2024-11-01,149.69,Onions,1 Kg,11,4,-0.5000000000000004,0.8660254037844384,154.97,149.2,134.87,113.91,127.42,146.34666666666666,10.349330091041088,132.635,17.471012277484117,5.77000000000001,3.867292225201079
2024-12-01,141.85,Onions,1 Kg,12,4,-2.4492935982947064e-16,1.0,149.69,154.97,149.2,129.98,167.38,151.28666666666666,3.19925512163846,138.59833333333333,15.830733926974702,-5.280000000000001,-3.4071110537523404
2025-01-01,118.07,Onions,1 Kg,1,1,0.49999999999999994,0.8660254037844387,141.85,149.69,154.97,112.88,214.14,148.83666666666667,6.601494780224351,140.57666666666668,15.270072254795258,-7.840000000000003,-5.237490814349658
2025-02-01,88.62,Onions,1 Kg,2,1,0.8660254037844386,0.5000000000000001,118.07,141.85,149.69,134.87,221.59,136.53666666666666,16.466017531064587,141.44166666666666,13.422599475014817,-23.78,-16.764187522030316
2025-03-01,69.8,Onions,1 Kg,3,1,1.0,6.123233995736766e-17,88.62,118.07,141.85,149.2,221.59,116.18000000000002,26.66528267241859,133.73333333333332,25.6564305129663,-29.44999999999999,-24.942830524265258
2025-04-01,56.54,Onions,1 Kg,4,2,0.8660254037844387,-0.4999999999999998,69.8,88.62,118.07,154.97,192.31,92.16333333333334,24.329295783752436,120.5,34.89638605930423,-18.820000000000007,-21.23674114195442
2025-05-01,45.51,Onions,1 Kg,5,2,0.49999999999999994,-0.8660254037844387,56.54,69.8,88.62,149.69,113.91,71.65333333333335,16.1201033909001,104.09500000000001,38.410272974817595,-13.259999999999998,-18.997134670487103
2025-06-01,50.0,Onions,1 Kg,6,2,1.2246467991473532e-16,-1.0,45.51,56.54,69.8,141.85,129.98,57.28333333333334,12.162048895367306,86.73166666666667,37.20519179720312,-11.030000000000001,-19.50831269897418
2025-07-01,55.97,Onions,1 Kg,7,3,-0.4999999999999997,-0.8660254037844388,50.0,45.51,56.54,118.07,112.88,50.68333333333334,5.546659655441593,71.42333333333333,27.663136963595996,4.490000000000002,9.865963524500113
2025-08-01,69.73,Onions,1 Kg,8,3,-0.8660254037844385,-0.5000000000000004,55.97,50.0,45.51,88.62,134.87,50.49333333333334,5.247421589057181,61.07333333333333,15.78863346419417,5.969999999999999,11.939999999999998
2025-09-01,86.43,Onions,1 Kg,9,3,-1.0,-1.8369701987210297e-16,69.73,55.97,50.0,69.8,149.2,58.566666666666684,10.11806470296101,57.925000000000004,10.030471075677628,13.760000000000005,24.584598892263724
2025-10-01,110.52,Onions,1 Kg,10,4,-0.8660254037844386,0.5000000000000001,86.43,69.73,55.97,56.54,154.97,70.71000000000002,15.253629076386222,60.696666666666665,15.023170992392787,16.700000000000003,23.949519575505523
2025-11-01,143.35,Onions,1 Kg,11,4,-0.5000000000000004,0.8660254037844384,110.52,86.43,69.73,45.51,149.69,88.89333333333336,20.50626814740587,69.69333333333334,24.93160617903851,24.08999999999999,27.8722665741062
2025-12-01,99.62,Onions,1 Kg,12,4,-2.4492935982947064e-16,1.0,143.35,110.52,86.43,50.0,141.85,113.43333333333334,28.57161586843345,86.0,35.64534078950576,32.83,29.705030763662688
2026-01-01,74.0,Onions,1 Kg,1,1,0.49999999999999994,0.8660254037844387,99.62,143.35,110.52,55.97,118.07,117.83,22.763024842933024,94.27,31.08729193738178,-43.72999999999999,-30.50575514475061
2026-02-01,68.89,Onions,1 Kg,2,1,0.8660254037844386,0.5000000000000001,74.0,99.62,143.35,69.73,88.62,105.65666666666668,35.06688799042932,97.27499999999999,27.28333319079621,-25.620000000000005,-25.71772736398314
2026-03-01,68.13,Onions,1 Kg,3,1,1.0,6.123233995736766e-17,68.89,74.0,99.62,86.43,69.8,80.83666666666669,16.466275636382086,97.13499999999999,27.454562280247746,-5.109999999999999,-6.905405405405404
2026-04-01,74.43,Onions,1 Kg,4,2,0.8660254037844387,-0.4999999999999998,68.13,68.89,74.0,110.52,56.54,70.34000000000002,3.1923502314085694,94.085,29.798130646065747,-0.7600000000000051,-1.103208012773995
2026-05-01,70.08,Onions,1 Kg,5,2,0.49999999999999994,-0.8660254037844387,74.43,68.13,68.89,143.35,45.51,70.48333333333335,3.438972714824553,88.07,29.457669290016874,6.300000000000011,9.24702774108324
2026-06-01,90.5,Onions,1 Kg,6,2,1.2246467991473532e-16,-1.0,70.08,74.43,68.13,99.62,50.0,70.88000000000001,3.2252906845700786,75.85833333333333,11.931339265424942,-4.3500000000000085,-5.84441757355906
2026-07-01,101.81,Onions,1 Kg,7,3,-0.4999999999999997,-0.8660254037844388,90.5,70.08,74.43,74.0,55.97,78.33666666666669,10.75595803884107,74.33833333333332,8.338866629624857,20.42,29.13812785388128
2024-03-01,68.35,Potatoes,1 Kg,3,1,1.0,6.123233995736766e-17,68.35,59.24,83.25,95.35,52.48,70.28,12.120796178469467,85.20666666666666,18.45866806318015,9.109999999999992,15.378122889939217
2024-04-01,72.2,Potatoes,1 Kg,4,2,0.8660254037844387,-0.4999999999999998,68.35,68.35,59.24,98.13,67.93,65.31333333333333,5.259660952317474,80.70666666666666,18.77962796933599,0.0,0.0
2024-05-01,87.85,Potatoes,1 Kg,5,2,0.49999999999999994,-0.8660254037844387,72.2,68.35,68.35,106.92,79.51,69.63333333333333,2.222798536380064,76.385,16.852905684183956,3.8500000000000085,5.632772494513547
2024-06-01,95.4,Potatoes,1 Kg,6,2,1.2246467991473532e-16,-1.0,87.85,72.2,68.35,83.25,84.52,76.13333333333333,10.327915246231129,73.20666666666666,10.569307766673576,15.649999999999991,21.675900277008296
2024-07-01,98.28,Potatoes,1 Kg,7,3,-0.4999999999999997,-0.8660254037844388,95.4,87.85,72.2,59.24,91.91,85.14999999999999,11.833321596238322,75.23166666666667,13.606050737325159,7.550000000000011,8.594194649971557
2024-08-01,100.61,Potatoes,1 Kg,8,3,-0.8660254037844385,-0.5000000000000004,98.28,95.4,87.85,68.35,95.08,93.84333333333335,5.38643048162082,81.73833333333333,13.762958136486022,2.8799999999999955,3.018867924528297
2024-09-01,102.33,Potatoes,1 Kg,9,3,-1.0,-1.8369701987210297e-16,100.61,98.28,95.4,68.35,95.35,98.09666666666665,2.609833966622025,87.11500000000001,13.787937844362379,2.3299999999999983,2.370777370777369
2024-10-01,102.37,Potatoes,1 Kg,10,4,-0.8660254037844386,0.5000000000000001,102.33,100.61,98.28,72.2,98.13,100.40666666666668,2.0326419589623317,92.77833333333332,11.291298271973295,1.7199999999999989,1.7095716131597243
2024-11-01,110.93,Potatoes,1 Kg,11,4,-0.5000000000000004,0.8660254037844384,102.37,102.33,100.61,87.85,106.92,101.77,1.0047885349669448,97.80666666666667,5.555079357369007,0.04000000000000625,0.03908922114727475
2024-12-01,116.85,Potatoes,1 Kg,12,4,-2.4492935982947064e-16,1.0,110.93,102.37,102.33,95.4,83.25,105.21,4.9537056836273,101.65333333333332,5.264981164891985,8.560000000000002,8.36182475334571
2025-01-01,87.4,Potatoes,1 Kg,1,1,0.49999999999999994,0.8660254037844387,116.85,110.93,102.37,98.28,59.24,110.05000000000001,7.280000000000126,105.22833333333334,7.123915823945946,5.9199999999999875,5.336698819075081
2025-02-01,68.31,Potatoes,1 Kg,2,1,0.8660254037844386,0.5000000000000001,87.4,116.85,110.93,100.61,68.35,105.06,15.577814352469392,103.415,10.035855220159402,-29.44999999999999,-25.203252032520318
2025-03-01,62.95,Potatoes,1 Kg,3,1,1.0,6.123233995736766e-17,68.31,87.4,116.85,102.33,68.35,90.85333333333334,24.453568928345277,98.03166666666668,17.63067374398004,-19.090000000000003,-21.842105263157897
2025-04-01,63.61,Potatoes,1 Kg,4,2,0.8660254037844387,-0.4999999999999998,62.95,68.31,87.4,102.37,72.2,72.88666666666667,12.85146035800338,91.46833333333332,22.396369720708464,-5.359999999999999,-7.846581759625238
2025-05-01,62.85,Potatoes,1 Kg,5,2,0.49999999999999994,-0.8660254037844387,63.61,62.95,68.31,110.93,87.85,64.95666666666666,2.922761251510582,85.00833333333334,24.144720678994545,0.6599999999999966,1.048451151707699
2025-06-01,100.0,Potatoes,1 Kg,6,2,1.2246467991473532e-16,-1.0,62.85,63.61,62.95,116.85,95.4,63.13666666666666,0.4129568177565264,76.99499999999999,21.673096456205787,-0.759999999999998,-1.1947806948592958
2025-07-01,83.95,Potatoes,1 Kg,7,3,-0.4999999999999997,-0.8660254037844388,100.0,62.85,63.61,87.4,98.28,75.48666666666666,21.232570106638814,74.18666666666667,15.761371344736045,37.15,59.108989657915664
2025-08-01,81.92,Potatoes,1 Kg,8,3,-0.8660254037844385,-0.5000000000000004,83.95,100.0,62.85,68.31,100.61,82.26666666666667,18.63211832651705,73.61166666666666,15.237131510447314,-16.049999999999997,-16.049999999999997
2025-09-01,84.86,Potatoes,1 Kg,9,3,-1.0,-1.8369701987210297e-16,81.92,83.95,100.0,62.95,102.33,88.62333333333333,9.904626864921909,75.88,15.302938279951334,-2.030000000000001,-2.4181060154854093
2025-10-01,83.38,Potatoes,1 Kg,10,4,-0.8660254037844386,0.5000000000000001,84.86,81.92,83.95,63.61,102.37,83.57666666666667,1.5051356528009538,79.53166666666667,14.172840811448731,2.9399999999999977,3.5888671874999973
2025-11-01,80.4,Potatoes,1 Kg,11,4,-0.5000000000000004,0.8660254037844384,83.38,84.86,81.92,62.85,110.93,83.38666666666666,1.4700113378244895,82.82666666666667,11.836512436806157,-1.480000000000004,-1.7440490219184586
2025-12-01,64.68,Potatoes,1 Kg,12,4,-2.4492935982947064e-16,1.0,80.4,83.38,84.86,100.0,116.85,82.88,2.2716513817043236,85.75166666666667,7.155457823694229,-2.9799999999999898,-3.573998560805937
2026-01-01,45.03,Potatoes,1 Kg,1,1,0.49999999999999994,0.8660254037844387,64.68,80.4,83.38,83.95,87.4,76.15333333333332,10.04729482663528,79.86500000000001,7.603761569118291,-15.719999999999999,-19.552238805970145
2026-02-01,36.33,Potatoes,1 Kg,2,1,0.8660254037844386,0.5000000000000001,45.03,64.68,80.4,81.92,68.31,63.37,17.721351528593935,73.37833333333333,15.706144551310711,-19.650000000000006,-30.380333951762527
2026-03-01,31.12,Potatoes,1 Kg,3,1,1.0,6.123233995736766e-17,36.33,45.03,64.68,84.86,62.95,48.68,14.523171141317526,65.78000000000002,20.91232077030191,-8.700000000000003,-19.320453031312464
2026-04-01,33.9,Potatoes,1 Kg,4,2,0.8660254037844387,-0.4999999999999998,31.12,36.33,45.03,83.38,63.61,37.49333333333333,7.02759086268766,56.82333333333333,22.55022719767293,-5.209999999999997,-14.340765207817224
2026-05-01,35.54,Potatoes,1 Kg,5,2,0.49999999999999994,-0.8660254037844387,33.9,31.12,36.33,80.4,62.85,33.783333333333324,2.60695863667435,48.576666666666675,19.77241175645167,2.7799999999999976,8.933161953727499
2026-06-01,45.06,Potatoes,1 Kg,6,2,1.2246467991473532e-16,-1.0,35.54,33.9,31.12,64.68,100.0,33.51999999999999,2.2343679195686734,41.1,12.462489317949352,1.6400000000000006,4.837758112094397
2026-07-01,54.98,Potatoes,1 Kg,7,3,-0.4999999999999997,-0.8660254037844388,45.06,35.54,33.9,45.03,83.95,38.16666666666666,6.025855402623851,37.830000000000005,5.86644696558332,9.520000000000003,26.78671918964548
2024-03-01,311.92,Pulse Moong (Washed),1 Kg,3,1,1.0,6.123233995736766e-17,311.92,302.54,286.56,287.61,282.91,300.34,12.822339880068743,290.77833333333336,13.736773153352415,9.379999999999995,3.1004164738546955
2024-04-01,311.71,Pulse Moong (Washed),1 Kg,4,2,0.8660254037844387,-0.4999999999999998,311.92,311.92,302.54,279.57,280.94,308.79333333333335,5.4155455249988815,294.83,16.012060454544766,0.0,0.0
2024-05-01,308.75,Pulse Moong (Washed),1 Kg,5,2,0.49999999999999994,-0.8660254037844387,311.71,311.92,311.92,276.47,282.93,311.85,0.12124355654031446,300.18666666666667,15.243581818806941,-0.21000000000003638,-0.06732495511670825
2024-06-01,313.54,Pulse Moong (Washed),1 Kg,6,2,1.2246467991473532e-16,-1.0,308.75,311.71,311.92,286.56,269.75,310.79333333333335,1.772690986420293,305.56666666666666,9.990174506316714,-2.9599999999999795,-0.9496005902922523
2024-07-01,337.77,Pulse Moong (Washed),1 Kg,7,3,-0.4999999999999997,-0.8660254037844388,313.54,308.75,311.71,302.54,263.26,311.3333333333333,2.4171126025354983,310.06333333333333,4.000463306500809,4.7900000000000205,1.5514170040485897
2024-08-01,341.16,Pulse Moong (Washed),1 Kg,8,3,-0.8660254037844385,-0.5000000000000004,337.77,313.54,308.75,311.92,269.94,320.02,15.557406596216618,315.935,10.809426904327117,24.22999999999996,7.7278816100019005
2024-09-01,336.24,Pulse Moong (Washed),1 Kg,9,3,-1.0,-1.8369701987210297e-16,341.16,337.77,313.54,311.92,287.61,330.8233333333333,15.063473481682127,320.80833333333334,14.57328160253059,3.390000000000043,1.0036415312194817
2024-10-01,357.86,Pulse Moong (Washed),1 Kg,10,4,-0.8660254037844386,0.5000000000000001,336.24,341.16,337.77,311.71,279.57,338.39000000000004,2.5179158047895704,324.8616666666667,14.983053649595451,-4.920000000000016,-1.442138586000708
2024-11-01,385.25,Pulse Moong (Washed),1 Kg,11,4,-0.5000000000000004,0.8660254037844384,357.86,336.24,341.16,308.75,276.47,345.08666666666676,11.332260733558126,332.55333333333334,18.348911321019933,21.620000000000005,6.429931001665478
2024-12-01,387.27,Pulse Moong (Washed),1 Kg,12,4,-2.4492935982947064e-16,1.0,385.25,357.86,336.24,313.54,286.56,359.7833333333333,24.56154378969988,345.30333333333334,24.159378027313736,27.389999999999986,7.653831107136864
2025-01-01,402.44,Pulse Moong (Washed),1 Kg,1,1,0.49999999999999994,0.8660254037844387,387.27,385.25,357.86,337.77,302.54,376.79333333333335,16.42782497269028,357.5916666666667,23.514466540124758,2.019999999999982,0.5243348475016176
2025-02-01,400.88,Pulse Moong (Washed),1 Kg,2,1,0.8660254037844386,0.5000000000000001,402.44,387.27,385.25,341.16,311.92,391.65333333333336,9.395968993847761,368.36999999999995,27.151760163937404,15.170000000000016,3.9171637358948583
2025-03-01,396.07,Pulse Moong (Washed),1 Kg,3,1,1.0,6.123233995736766e-17,400.88,402.44,387.27,336.24,311.92,396.8633333333333,8.34460504358049,378.3233333333333,26.108210713617346,-1.5600000000000023,-0.3876354239141244
2025-04-01,396.42,Pulse Moong (Washed),1 Kg,4,2,0.8660254037844387,-0.4999999999999998,396.07,400.88,402.44,357.86,311.71,399.7966666666666,3.320306210780726,388.295,16.465271027225025,-4.810000000000002,-1.199860307323888
2025-05-01,400.82,Pulse Moong (Washed),1 Kg,5,2,0.49999999999999994,-0.8660254037844387,396.42,396.07,400.88,385.25,308.75,397.78999999999996,2.681734513335615,394.72166666666664,7.034769126747641,0.35000000000002274,0.08836821773929426
2025-06-01,370.0,Pulse Moong (Washed),1 Kg,6,2,1.2246467991473532e-16,-1.0,400.82,396.42,396.07,387.27,313.54,397.77,2.64716829839271,397.31666666666666,5.559009504097069,4.399999999999977,1.1099339084808983
2025-07-01,398.37,Pulse Moong (Washed),1 Kg,7,3,-0.4999999999999997,-0.8660254037844388,370.0,400.82,396.42,402.44,337.77,389.08,16.66957707921875,394.43833333333333,12.248011131062949,-30.819999999999993,-7.6892370640187595
2025-08-01,382.13,Pulse Moong (Washed),1 Kg,8,3,-0.8660254037844385,-0.5000000000000004,398.37,370.0,400.82,400.88,341.16,389.73,17.130537061050223,393.76,11.821500750749685,28.370000000000005,7.66756756756757
2025-09-01,387.18,Pulse Moong (Washed),1 Kg,9,3,-1.0,-1.8369701987210297e-16,382.13,398.37,370.0,396.07,336.24,383.5,14.234531955776228,390.635,12.039170652498276,-16.24000000000001,-4.076612194693378
2025-10-01,383.58,Pulse Moong (Washed),1 Kg,10,4,-0.8660254037844386,0.5000000000000001,387.18,382.13,398.37,396.42,357.86,389.2266666666667,8.311199271666455,389.15333333333336,11.780780392938434,5.050000000000011,1.3215397901237829
2025-11-01,377.9,Pulse Moong (Washed),1 Kg,11,4,-0.5000000000000004,0.8660254037844384,383.58,387.18,382.13,400.82,385.25,384.2966666666666,2.600160251474435,387.0133333333333,11.355297735710975,-3.6000000000000227,-0.9298000929800151
2025-12-01,381.49,Pulse Moong (Washed),1 Kg,12,4,-2.4492935982947064e-16,1.0,377.9,383.58,387.18,370.0,387.27,382.8866666666666,4.678689275143998,383.1933333333333,9.482492639946702,-5.680000000000007,-1.4807862766567619
2026-01-01,386.05,Pulse Moong (Washed),1 Kg,1,1,0.49999999999999994,0.8660254037844387,381.49,377.9,383.58,398.37,402.44,380.98999999999995,2.872820913320861,385.1083333333333,7.161316685264179,3.590000000000032,0.9499867689865129
2026-02-01,391.61,Pulse Moong (Washed),1 Kg,2,1,0.8660254037844386,0.5000000000000001,386.05,381.49,377.9,382.13,400.88,381.81333333333333,4.084609324445521,383.055,3.3508252714781355,4.560000000000002,1.1953131143673497
2026-03-01,388.49,Pulse Moong (Washed),1 Kg,3,1,1.0,6.123233995736766e-17,391.61,386.05,381.49,387.18,396.07,386.3833333333334,5.068227829660781,384.635,4.764328913916057,5.560000000000002,1.4402279497474426
2026-04-01,389.88,Pulse Moong (Washed),1 Kg,4,2,0.8660254037844387,-0.4999999999999998,388.49,391.61,386.05,383.58,396.42,388.7166666666667,2.7869218383995795,384.8533333333333,4.931371682062027,-3.1200000000000045,-0.7967110135083385
2026-05-01,389.73,Pulse Moong (Washed),1 Kg,5,2,0.49999999999999994,-0.8660254037844387,389.88,388.49,391.61,377.9,400.82,389.99333333333334,1.5630845573252388,385.90333333333336,5.265417995434298,1.3899999999999864,0.3577955674534702
2026-06-01,384.47,Pulse Moong (Washed),1 Kg,6,2,1.2246467991473532e-16,-1.0,389.73,389.88,388.49,381.49,370.0,389.3666666666666,0.7629110913786324,387.875,3.630106059053472,-0.14999999999997726,-0.03847337642350909
2026-07-01,368.16,Pulse Moong (Washed),1 Kg,7,3,-0.4999999999999997,-0.8660254037844388,384.47,389.73,389.88,386.05,398.37,388.02666666666664,3.0810766516509007,388.37166666666667,2.6545840854347382,-5.259999999999991,-1.3496523234033795
2024-03-01,259.56,Pulse Gram,1 Kg,3,1,1.0,6.123233995736766e-17,259.56,257.78,239.56,250.1,255.62,252.29999999999998,11.069001761676567,245.215,12.457068274678438,1.7800000000000296,0.6905112886957987
2024-04-01,257.76,Pulse Gram,1 Kg,4,2,0.8660254037844387,-0.4999999999999998,259.56,259.56,257.78,234.86,247.06,258.96666666666664,1.0276834791569405,246.79166666666666,13.732394425833641,0.0,0.0
2024-05-01,260.01,Pulse Gram,1 Kg,5,2,0.49999999999999994,-0.8660254037844387,257.76,259.56,259.56,229.43,250.32,258.96,1.0392304845407296,250.60833333333335,12.910703182502003,-1.8000000000000114,-0.6934812760055522
2024-06-01,293.21,Pulse Gram,1 Kg,6,2,1.2246467991473532e-16,-1.0,260.01,257.76,259.56,239.56,243.96,259.10999999999996,1.1905880899785217,255.705,7.967995356424431,2.25,0.8729050279329609
2024-07-01,330.02,Pulse Gram,1 Kg,7,3,-0.4999999999999997,-0.8660254037844388,293.21,260.01,257.76,257.78,240.48,270.32666666666665,19.849454232631423,264.64666666666665,14.026320496362127,33.19999999999999,12.768739663859078
2024-08-01,354.44,Pulse Gram,1 Kg,8,3,-0.8660254037844385,-0.5000000000000004,330.02,293.21,260.01,259.56,242.6,294.41333333333336,35.020508753205256,276.68666666666667,29.46333427612476,36.81,12.554142082466493
2024-09-01,390.4,Pulse Gram,1 Kg,9,3,-1.0,-1.8369701987210297e-16,354.44,330.02,293.21,259.56,250.1,325.89000000000004,30.823220143261988,292.5,41.45438312169174,24.420000000000016,7.399551542330773
2024-10-01,411.18,Pulse Gram,1 Kg,10,4,-0.8660254037844386,0.5000000000000001,390.4,354.44,330.02,257.76,234.86,358.28666666666663,30.373240415426903,314.3066666666667,53.363867051279804,35.95999999999998,10.145581762780719
2024-11-01,398.51,Pulse Gram,1 Kg,11,4,-0.5000000000000004,0.8660254037844384,411.18,390.4,354.44,260.01,229.43,385.34,28.706438302234318,339.8766666666666,57.44994226861039,20.78000000000003,5.322745901639352
2024-12-01,378.97,Pulse Gram,1 Kg,12,4,-2.4492935982947064e-16,1.0,398.51,411.18,390.4,293.21,239.56,400.03,10.473055905512183,362.96000000000004,45.52937732936833,-12.670000000000016,-3.0813755532856693
2025-01-01,361.46,Pulse Gram,1 Kg,1,1,0.49999999999999994,0.8660254037844387,378.97,398.51,411.18,330.02,257.78,396.22,16.22664783619781,377.25333333333333,30.10010741952035,-19.539999999999964,-4.903264660861701
2025-02-01,332.51,Pulse Gram,1 Kg,2,1,0.8660254037844386,0.5000000000000001,361.46,378.97,398.51,354.44,259.56,379.6466666666667,18.53426646331915,382.49333333333334,21.83473532394345,-17.510000000000048,-4.620418502783874
2025-03-01,309.31,Pulse Gram,1 Kg,3,1,1.0,6.123233995736766e-17,332.51,361.46,378.97,390.4,259.56,357.6466666666667,23.463568214006074,378.8383333333333,28.337142704702313,-28.94999999999999,-8.009184972057763
2025-04-01,309.17,Pulse Gram,1 Kg,4,2,0.8660254037844387,-0.4999999999999998,309.31,332.51,361.46,411.18,257.76,334.4266666666667,26.127778959056453,365.3233333333333,39.03729994078307,-23.19999999999999,-6.9772337674054885
2025-05-01,314.58,Pulse Gram,1 Kg,5,2,0.49999999999999994,-0.8660254037844387,309.17,309.31,332.51,398.51,260.01,316.99666666666667,13.435123123116968,348.3216666666667,37.24399786095283,-0.13999999999998636,-0.045262034851762424
2025-06-01,290.0,Pulse Gram,1 Kg,6,2,1.2246467991473532e-16,-1.0,314.58,309.17,309.31,378.97,293.21,311.02,3.0838450025867252,334.3333333333333,29.60124096497742,5.409999999999968,1.7498463628424388
2025-07-01,313.38,Pulse Gram,1 Kg,7,3,-0.4999999999999997,-0.8660254037844388,290.0,314.58,309.17,361.46,330.02,304.5833333333333,12.915968153154925,319.505,24.63697607256189,-24.579999999999984,-7.813592726810345
2025-08-01,307.55,Pulse Gram,1 Kg,8,3,-0.8660254037844385,-0.5000000000000004,313.38,290.0,314.58,332.51,354.44,305.9866666666666,13.857854571805563,311.4916666666667,13.615546139125373,23.379999999999995,8.06206896551724
2025-09-01,308.8,Pulse Gram,1 Kg,9,3,-1.0,-1.8369701987210297e-16,307.55,313.38,290.0,309.31,390.4,303.6433333333334,12.1697425335671,307.33166666666665,8.908964960457022,-5.829999999999984,-1.8603612227966
2025-10-01,299.69,Pulse Gram,1 Kg,10,4,-0.8660254037844386,0.5000000000000001,308.8,307.55,313.38,309.17,411.18,309.91,3.0694136247790222,307.24666666666667,8.888724692927042,1.25,0.40643797756462363
2025-11-01,281.01,Pulse Gram,1 Kg,11,4,-0.5000000000000004,0.8660254037844384,299.69,308.8,307.55,314.58,398.51,305.34666666666664,4.938525420944195,305.6666666666667,9.310990638307539,-9.110000000000014,-2.9501295336787607
2025-12-01,268.04,Pulse Gram,1 Kg,12,4,-2.4492935982947064e-16,1.0,281.01,299.69,308.8,290.0,378.97,296.5,14.166972153568231,300.07166666666666,12.443088710872782,-18.680000000000007,-6.233107544462613
2026-01-01,253.66,Pulse Gram,1 Kg,1,1,0.49999999999999994,0.8660254037844387,268.04,281.01,299.69,313.38,361.46,282.91333333333336,15.910613857840568,296.4116666666667,17.99093040025025,-12.96999999999997,-4.615494110529864
2026-02-01,252.58,Pulse Gram,1 Kg,2,1,0.8660254037844386,0.5000000000000001,253.66,268.04,281.01,307.55,332.51,267.57,13.681056245771897,286.4583333333333,22.643919640085436,-14.380000000000024,-5.364870914788846
2026-03-01,249.55,Pulse Gram,1 Kg,3,1,1.0,6.123233995736766e-17,252.58,253.66,268.04,308.8,309.31,258.09333333333336,8.630975224927244,277.2966666666667,23.50745300254038,-1.079999999999984,-0.425766774422449
2026-04-01,250.12,Pulse Gram,1 Kg,4,2,0.8660254037844387,-0.4999999999999998,249.55,252.58,253.66,299.69,309.17,251.92999999999998,2.130704108968382,267.4216666666667,19.7753659047473,-3.030000000000001,-1.1996199224008237
2026-05-01,247.57,Pulse Gram,1 Kg,5,2,0.49999999999999994,-0.8660254037844387,250.12,249.55,252.58,281.01,314.58,250.75,1.6102484280305551,259.16,12.679881702917168,0.5699999999999932,0.22841114005209104
2026-06-01,245.61,Pulse Gram,1 Kg,6,2,1.2246467991473532e-16,-1.0,247.57,250.12,249.55,268.04,290.0,249.08,1.3383945606490533,253.58666666666667,7.408513121176156,-2.5500000000000114,-1.0195106348952547
2026-07-01,246.04,Pulse Gram,1 Kg,7,3,-0.4999999999999997,-0.8660254037844388,245.61,247.57,250.12,253.66,313.38,247.76666666666665,2.261422855926844,249.84833333333336,3.0102452834675204,-1.9599999999999795,-0.7916952781031544
2024-03-01,333.59,Pulse Masoor (Washed),1 Kg,3,1,1.0,6.123233995736766e-17,333.59,339.5,335.16,337.54,279.9,336.0833333333333,3.0612796888463394,331.63,7.7575047534626735,-5.910000000000025,-1.7407952871870473
2024-04-01,329.69,Pulse Masoor (Washed),1 Kg,4,2,0.8660254037844387,-0.4999999999999998,333.59,333.59,339.5,323.01,279.43,335.55999999999995,3.4121400909121102,330.97166666666664,7.3103691197273095,0.0,0.0
2024-05-01,320.94,Pulse Masoor (Washed),1 Kg,5,2,0.49999999999999994,-0.8660254037844387,329.69,333.59,333.59,320.98,284.68,332.28999999999996,2.251666049841417,332.085,6.293249558057896,-3.8999999999999773,-1.1690997931592606
2024-06-01,314.68,Pulse Masoor (Washed),1 Kg,6,2,1.2246467991473532e-16,-1.0,320.94,329.69,333.59,335.16,277.38,328.0733333333333,6.478104146533901,332.0783333333333,6.307371613173167,-8.75,-2.6540083108374533
2024-07-01,325.02,Pulse Masoor (Washed),1 Kg,7,3,-0.4999999999999997,-0.8660254037844388,314.68,320.94,329.69,339.5,274.8,321.77000000000004,7.539343472743694,328.66499999999996,9.189286697018229,-6.259999999999991,-1.9505203464822058
2024-08-01,320.92,Pulse Masoor (Washed),1 Kg,8,3,-0.8660254037844385,-0.5000000000000004,325.02,314.68,320.94,333.59,285.75,320.2133333333333,5.208160263791364,326.2516666666666,7.52540607985131,10.339999999999975,3.2858777170458797
2024-09-01,311.65,Pulse Masoor (Washed),1 Kg,9,3,-1.0,-1.8369701987210297e-16,320.92,325.02,314.68,333.59,337.54,320.2066666666667,5.206777634327717,324.14,6.796755108137756,-4.099999999999966,-1.261460833179486
2024-10-01,306.86,Pulse Masoor (Washed),1 Kg,10,4,-0.8660254037844386,0.5000000000000001,311.65,320.92,325.02,329.69,323.01,319.19666666666666,6.849571762769898,320.48333333333335,6.594690793863187,-9.270000000000039,-2.8885703602143953
2024-11-01,305.09,Pulse Masoor (Washed),1 Kg,11,4,-0.5000000000000004,0.8660254037844384,306.86,311.65,320.92,320.94,320.98,313.1433333333334,7.1479670769618355,316.67833333333334,6.8031475558497085,-4.789999999999964,-1.536980587197165
2024-12-01,300.18,Pulse Masoor (Washed),1 Kg,12,4,-2.4492935982947064e-16,1.0,305.09,306.86,311.65,314.68,335.16,307.8666666666666,3.3938817500506047,314.03666666666663,7.818840493747399,-1.7700000000000387,-0.5768102717851915
2025-01-01,301.03,Pulse Masoor (Washed),1 Kg,1,1,0.49999999999999994,0.8660254037844387,300.18,305.09,306.86,325.02,339.5,304.04333333333335,3.4608139697655202,311.62,9.614811490611629,-4.909999999999968,-1.6093611721131367
2025-02-01,298.55,Pulse Masoor (Washed),1 Kg,2,1,0.8660254037844386,0.5000000000000001,301.03,300.18,305.09,320.92,333.59,302.09999999999997,2.6240617370766075,307.6216666666666,7.731637385875277,0.8499999999999659,0.28316343527215865
2025-03-01,293.89,Pulse Masoor (Washed),1 Kg,3,1,1.0,6.123233995736766e-17,298.55,301.03,300.18,311.65,333.59,299.92,1.2602777471604765,303.8933333333334,4.918083637623918,-2.4799999999999613,-0.8238381556655355
2025-04-01,294.42,Pulse Masoor (Washed),1 Kg,4,2,0.8660254037844387,-0.4999999999999998,293.89,298.55,301.03,306.86,329.69,297.8233333333333,3.6250425284842853,300.93333333333334,4.653362941643835,-4.660000000000025,-1.5608775749455785
2025-05-01,293.92,Pulse Masoor (Washed),1 Kg,5,2,0.49999999999999994,-0.8660254037844387,294.42,293.89,298.55,305.09,320.94,295.62000000000006,2.551254593329531,298.86,4.237329347595892,0.5300000000000296,0.180339582837126
2025-06-01,280.0,Pulse Masoor (Washed),1 Kg,6,2,1.2246467991473532e-16,-1.0,293.92,294.42,293.89,300.18,314.68,294.07666666666665,0.29771350879197855,296.9983333333334,3.303655046560435,-0.5,-0.16982541946878607
2025-07-01,295.99,Pulse Masoor (Washed),1 Kg,7,3,-0.4999999999999997,-0.8660254037844388,280.0,293.92,294.42,301.03,325.02,289.44666666666666,8.184872224617427,293.635,7.287234729305596,-13.920000000000016,-4.735982580293962
2025-08-01,295.31,Pulse Masoor (Washed),1 Kg,8,3,-0.8660254037844385,-0.5000000000000004,295.99,280.0,293.92,298.55,320.92,289.97,8.696085326167225,292.795,6.513760050846031,15.990000000000009,5.710714285714289
2025-09-01,295.39,Pulse Masoor (Washed),1 Kg,9,3,-1.0,-1.8369701987210297e-16,295.31,295.99,280.0,293.89,311.65,290.43333333333334,9.041926417158827,292.255,6.059718640332873,-0.6800000000000068,-0.22973749113145947
2025-10-01,294.32,Pulse Masoor (Washed),1 Kg,10,4,-0.8660254037844386,0.5000000000000001,295.39,295.31,295.99,294.42,306.86,295.56333333333333,0.37166292970779513,292.505,6.17059073347096,0.07999999999998408,0.027090176424768575
2025-11-01,290.25,Pulse Masoor (Washed),1 Kg,11,4,-0.5000000000000004,0.8660254037844384,294.32,295.39,295.31,293.92,305.09,295.00666666666666,0.5960145411971937,292.4883333333333,6.1645159312523745,-1.0699999999999932,-0.3622329801279641
2025-12-01,283.53,Pulse Masoor (Washed),1 Kg,12,4,-2.4492935982947064e-16,1.0,290.25,294.32,295.39,280.0,300.18,293.32,2.7119918878904663,291.8766666666666,6.176114204470665,-4.069999999999993,-1.3828486001630855
2026-01-01,273.43,Pulse Masoor (Washed),1 Kg,1,1,0.49999999999999994,0.8660254037844387,283.53,290.25,294.32,295.99,301.03,289.3666666666666,5.448966262816636,292.465,4.842659393349673,-6.720000000000027,-2.3152454780361853
2026-02-01,264.58,Pulse Masoor (Washed),1 Kg,2,1,0.8660254037844386,0.5000000000000001,273.43,283.53,290.25,295.31,298.55,282.40333333333336,8.466412069661402,288.705,8.744561166805234,-10.099999999999966,-3.56223327337494
2026-03-01,260.97,Pulse Masoor (Washed),1 Kg,3,1,1.0,6.123233995736766e-17,264.58,273.43,283.53,295.39,293.89,273.84666666666664,9.481868662521219,283.5833333333333,12.355869320556346,-8.850000000000023,-3.2366602055370746
2026-04-01,260.69,Pulse Masoor (Washed),1 Kg,4,2,0.8660254037844387,-0.4999999999999998,260.97,264.58,273.43,294.32,294.42,266.32666666666665,6.4110087609748785,277.84666666666664,13.695597346106004,-3.609999999999957,-1.3644266384458223
2026-05-01,258.88,Pulse Masoor (Washed),1 Kg,5,2,0.49999999999999994,-0.8660254037844387,260.69,260.97,264.58,290.25,293.92,262.08,2.169585213804743,272.2416666666666,12.428445464605224,-0.28000000000002956,-0.10729202590337185
2026-06-01,258.81,Pulse Masoor (Washed),1 Kg,6,2,1.2246467991473532e-16,-1.0,258.88,260.69,260.97,283.53,280.0,260.18,1.1345042970208974,267.0133333333333,9.61823823091662,-1.8100000000000023,-0.6943112509110446
2026-07-01,257.64,Pulse Masoor (Washed),1 Kg,7,3,-0.4999999999999997,-0.8660254037844388,258.81,258.88,260.69,273.43,295.99,259.46,1.0657860948418927,262.8933333333334,5.571364883640825,-0.06999999999999318,-0.027039555006177836
2024-03-01,540.03,Pulse Mash (Washed),1 Kg,3,1,1.0,6.123233995736766e-17,540.03,539.94,529.54,538.59,419.23,536.5033333333333,6.030591458003509,533.1566666666666,7.685739175034084,0.08999999999991815,0.01666851872428754
2024-04-01,541.09,Pulse Mash (Washed),1 Kg,4,2,0.8660254037844387,-0.4999999999999998,540.03,540.03,539.94,529.88,428.08,540.0,0.0519615243444534,533.3966666666666,7.90858942332028,0.0,0.0
2024-05-01,548.27,Pulse Mash (Washed),1 Kg,5,2,0.49999999999999994,-0.8660254037844387,541.09,540.03,540.03,520.96,443.43,540.3833333333333,0.6119912853511329,535.265,8.229281256585312,1.0600000000000591,0.19628539155233213
2024-06-01,564.73,Pulse Mash (Washed),1 Kg,6,2,1.2246467991473532e-16,-1.0,548.27,541.09,540.03,529.54,453.95,543.13,4.482811617725333,539.8166666666667,5.979905238935839,7.17999999999995,1.3269511541517953
2024-07-01,573.48,Pulse Mash (Washed),1 Kg,7,3,-0.4999999999999997,-0.8660254037844388,564.73,548.27,541.09,539.94,468.25,551.3633333333333,12.119774475350168,545.6816666666667,9.873917999793772,16.460000000000036,3.002170463457792
2024-08-01,581.03,Pulse Mash (Washed),1 Kg,8,3,-0.8660254037844385,-0.5000000000000004,573.48,564.73,548.27,540.03,499.57,562.16,12.799988281245465,551.2716666666666,14.420563673679714,8.75,1.5494129938200556
2024-09-01,568.62,Pulse Mash (Washed),1 Kg,9,3,-1.0,-1.8369701987210297e-16,581.03,573.48,564.73,540.03,538.59,573.0799999999999,8.157358641130447,558.105,17.428596902791195,7.5499999999999545,1.316523679988832
2024-10-01,542.87,Pulse Mash (Washed),1 Kg,10,4,-0.8660254037844386,0.5000000000000001,568.62,581.03,573.48,541.09,529.88,574.3766666666667,6.253401740921471,562.87,15.273560161271583,-12.409999999999968,-2.135862175791262
2024-11-01,523.56,Pulse Mash (Washed),1 Kg,11,4,-0.5000000000000004,0.8660254037844384,542.87,568.62,581.03,548.27,520.96,564.1733333333333,19.46473820356573,563.1666666666666,14.775058262715891,-25.75,-4.528507614927368
2024-12-01,506.52,Pulse Mash (Washed),1 Kg,12,4,-2.4492935982947064e-16,1.0,523.56,542.87,568.62,564.73,529.54,545.0166666666665,22.606570578779515,559.0483333333333,21.61723887703167,-19.31000000000006,-3.55702101792327
2025-01-01,494.66,Pulse Mash (Washed),1 Kg,1,1,0.49999999999999994,0.8660254037844387,506.52,523.56,542.87,573.48,539.94,524.3166666666666,18.186809322509728,549.3466666666667,29.995784814981054,-17.039999999999964,-3.254641301856514
2025-02-01,483.03,Pulse Mash (Washed),1 Kg,2,1,0.8660254037844386,0.5000000000000001,494.66,506.52,523.56,581.03,540.03,508.24666666666667,14.527165357815608,536.2099999999999,34.26811112390027,-11.859999999999957,-2.3414672668403926
2025-03-01,463.12,Pulse Mash (Washed),1 Kg,3,1,1.0,6.123233995736766e-17,483.03,494.66,506.52,568.62,540.03,494.7366666666667,11.745187667011258,519.8766666666667,31.906521381476878,-11.630000000000052,-2.3511098532325336
2025-04-01,463.56,Pulse Mash (Washed),1 Kg,4,2,0.8660254037844387,-0.4999999999999998,463.12,483.03,494.66,542.87,541.09,480.27,15.950112852264533,502.29333333333335,28.567448375146082,-19.909999999999968,-4.121897190650678
2025-05-01,457.78,Pulse Mash (Washed),1 Kg,5,2,0.49999999999999994,-0.8660254037844387,463.56,463.12,483.03,523.56,548.27,469.90333333333336,11.370155378591056,489.075,24.024798646397993,0.4399999999999977,0.09500777336327468
2025-06-01,470.0,Pulse Mash (Washed),1 Kg,6,2,1.2246467991473532e-16,-1.0,457.78,463.56,463.12,506.52,564.73,461.4866666666667,3.217597447366624,478.1116666666667,19.773459400586262,-5.78000000000003,-1.2468720338251855
2025-07-01,455.19,Pulse Mash (Washed),1 Kg,7,3,-0.4999999999999997,-0.8660254037844388,470.0,457.78,463.56,494.66,573.48,463.78000000000003,6.112969818342654,472.0249999999999,14.081400143450443,12.220000000000027,2.6694045174538052
2025-08-01,447.58,Pulse Mash (Washed),1 Kg,8,3,-0.8660254037844385,-0.5000000000000004,455.19,470.0,457.78,483.03,581.03,460.99,7.909620724154003,465.44666666666666,10.028522656235682,-14.810000000000002,-3.1510638297872346
2025-09-01,448.35,Pulse Mash (Washed),1 Kg,9,3,-1.0,-1.8369701987210297e-16,447.58,455.19,470.0,463.12,568.62,457.59,11.401056968543074,459.53833333333324,7.790379751118217,-7.610000000000014,-1.671829345987393
2025-10-01,448.06,Pulse Mash (Washed),1 Kg,10,4,-0.8660254037844386,0.5000000000000001,448.35,447.58,455.19,463.56,542.87,450.3733333333333,4.189085023402325,457.07666666666665,8.711391775522017,0.7700000000000387,0.17203628401627388
2025-11-01,443.56,Pulse Mash (Washed),1 Kg,11,4,-0.5000000000000004,0.8660254037844384,448.06,448.35,447.58,457.78,523.56,447.99666666666667,0.3888873015315214,454.49333333333334,8.702490831171989,-0.29000000000002046,-0.06468161034906221
2025-12-01,437.48,Pulse Mash (Washed),1 Kg,12,4,-2.4492935982947064e-16,1.0,443.56,448.06,448.35,470.0,506.52,446.6566666666667,2.6857090931990095,452.1233333333334,9.525764361280023,-4.5,-1.004329777261974
2026-01-01,429.76,Pulse Mash (Washed),1 Kg,1,1,0.49999999999999994,0.8660254037844387,437.48,443.56,448.06,455.19,494.66,443.0333333333333,5.309626477756234,446.7033333333333,5.870170923119064,-6.079999999999984,-1.3707277482189522
2026-02-01,455.64,Pulse Mash (Washed),1 Kg,2,1,0.8660254037844386,0.5000000000000001,429.76,437.48,443.56,447.58,483.03,436.9333333333334,6.916222475693448,442.465,7.477522985585915,-7.720000000000027,-1.7646520983816465
2026-03-01,465.34,Pulse Mash (Washed),1 Kg,3,1,1.0,6.123233995736766e-17,455.64,429.76,437.48,448.35,463.12,440.96000000000004,13.286323795540854,443.8083333333334,9.123123185983653,25.879999999999995,6.021965748324646
2026-04-01,473.46,Pulse Mash (Washed),1 Kg,4,2,0.8660254037844387,-0.4999999999999998,465.34,455.64,429.76,448.06,463.56,450.24666666666667,18.392937050218254,446.63999999999993,12.736033919551488,9.699999999999989,2.1288736721973462
2026-05-01,466.54,Pulse Mash (Washed),1 Kg,5,2,0.49999999999999994,-0.8660254037844387,473.46,465.34,455.64,443.56,457.78,464.81333333333333,8.921666510988612,450.8733333333333,16.85705865999858,8.120000000000005,1.7449606739158476
2026-06-01,461.62,Pulse Mash (Washed),1 Kg,6,2,1.2246467991473532e-16,-1.0,466.54,473.46,465.34,437.48,470.0,468.44666666666666,4.382936610686572,454.7033333333333,17.46280809797306,-6.919999999999959,-1.4615807037553246
2026-07-01,453.55,Pulse Mash (Washed),1 Kg,7,3,-0.4999999999999997,-0.8660254037844388,461.62,466.54,473.46,429.76,455.19,467.2066666666667,5.948086527051895,458.7266666666667,15.354622322500603,-4.920000000000016,-1.0545719552449984
