Year_Month,Date,S_No,Commodity_Raw,Commodity,Target_Commodity,Category,Unit,National_Average_Price,Source_File,Islamabad,Rawalpindi,Gujranwala,Sialkot,Lahore,Faisalabad,Sargodha,Multan,Bahawalpur,Karachi,Hyderabad,Sukkur,Larkana,Peshawar,Bannu,Quetta,Khuzdar
2023-03,2023-03-01,17,Pulse Masoor (Washed) 1 Kg,Pulse Masoor (Washed),Pulse Masoor (Washed),Pulses & Legumes,1 Kg,279.9,2023-03_Annexure1.pdf,299.81,292.67,261.97,251.97,259.0,283.76,306.63,272.15,277.18,295.15,286.54,271.82,275.83,271.66,250.65,314.97,296.63
2023-03,2023-03-01,18,Pulse Moong (Washed) 1 Kg,Pulse Moong (Washed),Pulse Moong (Washed),Pulses & Legumes,1 Kg,282.91,2023-03_Annexure1.pdf,298.06,273.81,267.82,253.88,263.7,252.96,296.63,279.96,273.17,298.72,284.87,315.96,283.89,269.32,258.52,340.94,313.19
2023-03,2023-03-01,19,Pulse Mash (Washed) 1 Kg,Pulse Mash (Washed),Pulse Mash (Washed),Pulses & Legumes,1 Kg,419.23,2023-03_Annexure1.pdf,455.66,446.63,429.28,429.0,422.35,419.87,433.31,442.51,424.59,439.6,433.92,420.0,372.36,435.96,425.79,454.98,280.0
2023-03,2023-03-01,20,Pulse Gram 1 Kg,Pulse Gram,Pulse Gram,Pulses & Legumes,1 Kg,255.62,2023-03_Annexure1.pdf,281.98,261.87,223.95,223.95,246.76,243.95,240.0,263.48,258.43,277.89,251.33,260.0,243.9,264.42,236.62,307.9,273.29
2023-03,2023-03-01,21,Potatoes 1 Kg,Potatoes,Potatoes,Vegetables,1 Kg,52.48,2023-03_Annexure1.pdf,74.82,63.77,52.06,49.32,57.05,49.43,50.2,51.23,55.78,48.43,44.21,43.73,42.74,65.31,51.44,50.24,51.86
2023-03,2023-03-01,22,Onions 1 Kg,Onions,Onions,Vegetables,1 Kg,134.16,2023-03_Annexure1.pdf,180.53,163.56,134.29,137.41,139.46,124.54,121.66,131.36,134.02,122.59,117.02,102.87,116.94,151.58,138.18,143.5,140.57
2023-03,2023-03-01,23,Tomatoes 1 Kg,Tomatoes,Tomatoes,Vegetables,1 Kg,64.76,2023-03_Annexure1.pdf,99.42,86.33,84.21,74.17,76.13,74.47,67.6,65.91,74.16,45.54,38.0,52.1,48.05,76.77,60.23,55.7,55.29
2023-04,2023-04-01,17,Pulse Masoor (Washed) 1 Kg,Pulse Masoor (Washed),Pulse Masoor (Washed),Pulses & Legumes,1 Kg,279.43,2023-04_Annexure1.pdf,299.81,292.67,262.46,261.17,259.0,301.39,313.3,272.15,270.0,293.61,281.56,260.0,257.92,275.8,250.0,314.97,296.63
2023-04,2023-04-01,18,Pulse Moong (Washed) 1 Kg,Pulse Moong (Washed),Pulse Moong (Washed),Pulses & Legumes,1 Kg,280.94,2023-04_Annexure1.pdf,298.06,273.81,260.0,253.74,263.7,245.75,296.63,279.96,270.0,299.11,282.02,310.0,286.51,266.62,260.0,332.45,313.19
2023-04,2023-04-01,19,Pulse Mash (Washed) 1 Kg,Pulse Mash (Washed),Pulse Mash (Washed),Pulses & Legumes,1 Kg,428.08,2023-04_Annexure1.pdf,455.66,446.63,444.97,442.42,422.35,446.47,444.12,455.89,440.0,442.79,438.3,420.0,383.36,451.61,450.0,454.98,280.0
2023-04,2023-04-01,20,Pulse Gram 1 Kg,Pulse Gram,Pulse Gram,Pulses & Legumes,1 Kg,247.06,2023-04_Annexure1.pdf,274.97,257.4,220.0,220.0,236.58,225.74,226.62,251.05,240.0,264.66,238.62,260.0,240.0,263.58,231.6,289.93,273.29
2023-04,2023-04-01,21,Potatoes 1 Kg,Potatoes,Potatoes,Vegetables,1 Kg,67.93,2023-04_Annexure1.pdf,88.93,82.52,70.54,62.35,70.17,65.53,66.27,69.3,71.21,62.53,58.13,60.0,52.33,80.54,71.08,64.48,68.22
2023-04,2023-04-01,22,Onions 1 Kg,Onions,Onions,Vegetables,1 Kg,82.94,2023-04_Annexure1.pdf,116.48,111.29,80.63,76.24,81.37,71.74,78.83,64.99,77.39,85.77,79.81,69.64,63.15,97.74,81.4,92.83,101.52
2023-04,2023-04-01,23,Tomatoes 1 Kg,Tomatoes,Tomatoes,Vegetables,1 Kg,55.84,2023-04_Annexure1.pdf,90.41,87.46,77.03,68.45,68.36,58.01,57.97,44.96,45.15,58.02,47.68,27.83,32.27,72.72,58.56,52.15,46.42
2023-05,2023-05-01,17,Pulse Masoor (Washed) 1 Kg,Pulse Masoor (Washed),Pulse Masoor (Washed),Pulses & Legumes,1 Kg,284.68,2023-05_Annexure1.pdf,299.81,292.67,267.46,263.74,268.79,301.39,313.3,285.44,270.0,302.57,283.85,260.0,266.21,280.0,272.75,324.97,296.63
2023-05,2023-05-01,18,Pulse Moong (Washed) 1 Kg,Pulse Moong (Washed),Pulse Moong (Washed),Pulses & Legumes,1 Kg,282.93,2023-05_Annexure1.pdf,298.06,273.81,257.46,257.46,267.03,259.81,296.63,275.16,270.0,304.1,286.92,310.0,287.95,269.93,255.72,342.45,313.19
2023-05,2023-05-01,19,Pulse Mash (Washed) 1 Kg,Pulse Mash (Washed),Pulse Mash (Washed),Pulses & Legumes,1 Kg,443.43,2023-05_Annexure1.pdf,465.58,451.25,460.0,453.74,443.59,454.88,449.12,471.27,445.75,453.46,471.14,420.0,464.76,460.51,457.48,482.46,280.0
2023-05,2023-05-01,20,Pulse Gram 1 Kg,Pulse Gram,Pulse Gram,Pulses & Legumes,1 Kg,250.32,2023-05_Annexure1.pdf,277.65,256.41,230.74,234.97,236.58,233.29,239.15,251.32,251.64,265.81,242.04,260.0,240.0,262.75,224.94,284.7,273.29
2023-05,2023-05-01,21,Potatoes 1 Kg,Potatoes,Potatoes,Vegetables,1 Kg,79.51,2023-05_Annexure1.pdf,105.67,96.85,86.18,69.76,79.8,73.91,74.84,82.01,84.85,71.57,70.54,70.0,64.8,89.07,87.8,74.89,80.0
2023-05,2023-05-01,22,Onions 1 Kg,Onions,Onions,Vegetables,1 Kg,56.33,2023-05_Annexure1.pdf,82.75,74.75,56.19,57.19,57.29,47.85,48.75,51.77,54.77,54.21,51.15,52.33,45.41,69.05,48.91,59.65,57.93
2023-05,2023-05-01,23,Tomatoes 1 Kg,Tomatoes,Tomatoes,Vegetables,1 Kg,42.26,2023-05_Annexure1.pdf,74.19,69.19,48.75,38.84,40.58,40.32,40.0,28.76,32.24,54.41,49.03,23.78,22.21,57.1,41.2,47.13,47.52
2023-06,2023-06-01,17,Pulse Masoor (Washed) 1 Kg,Pulse Masoor (Washed),Pulse Masoor (Washed),Pulses & Legumes,1 Kg,277.38,2023-06_Annexure1.pdf,299.81,288.35,260.0,250.0,278.96,276.32,303.22,275.38,254.95,290.89,272.48,262.46,267.79,268.74,277.47,299.76,296.63
2023-06,2023-06-01,18,Pulse Moong (Washed) 1 Kg,Pulse Moong (Washed),Pulse Moong (Washed),Pulses & Legumes,1 Kg,269.75,2023-06_Annexure1.pdf,287.02,270.48,238.81,229.92,270.4,256.3,280.0,257.94,254.95,287.34,267.77,310.0,284.76,252.87,235.64,307.44,313.19
2023-06,2023-06-01,19,Pulse Mash (Washed) 1 Kg,Pulse Mash (Washed),Pulse Mash (Washed),Pulses & Legumes,1 Kg,453.95,2023-06_Annexure1.pdf,478.92,459.93,462.48,466.15,460.36,446.57,464.07,482.18,460.0,463.19,471.56,439.55,480.0,462.2,480.67,494.98,289.83
2023-06,2023-06-01,20,Pulse Gram 1 Kg,Pulse Gram,Pulse Gram,Pulses & Legumes,1 Kg,243.96,2023-06_Annexure1.pdf,268.79,257.87,221.63,216.24,229.4,231.49,240.0,245.51,243.18,256.24,235.98,260.0,240.0,242.71,220.82,274.97,273.29
2023-06,2023-06-01,21,Potatoes 1 Kg,Potatoes,Potatoes,Vegetables,1 Kg,84.52,2023-06_Annexure1.pdf,110.88,100.17,86.18,77.96,85.59,78.72,86.79,84.07,110.02,74.79,72.95,74.83,64.8,92.21,97.16,74.89,80.0
2023-06,2023-06-01,22,Onions 1 Kg,Onions,Onions,Vegetables,1 Kg,60.67,2023-06_Annexure1.pdf,75.81,70.33,68.87,65.0,73.58,57.56,59.58,63.92,59.96,59.78,61.26,57.33,50.59,57.55,53.76,54.85,49.08
2023-06,2023-06-01,23,Tomatoes 1 Kg,Tomatoes,Tomatoes,Vegetables,1 Kg,51.94,2023-06_Annexure1.pdf,69.64,60.55,51.02,45.45,46.09,47.88,48.4,56.38,49.64,69.87,66.0,51.8,56.5,38.36,37.02,54.38,47.88
2023-07,2023-07-01,17,Pulse Masoor (Washed) 1 Kg,Pulse Masoor (Washed),Pulse Masoor (Washed),Pulses & Legumes,1 Kg,274.8,2023-07_Annexure1.pdf,299.81,286.92,260.0,250.0,278.96,276.32,294.96,266.54,256.62,278.37,269.64,270.0,283.24,267.75,266.59,274.97,296.63
2023-07,2023-07-01,18,Pulse Moong (Washed) 1 Kg,Pulse Moong (Washed),Pulse Moong (Washed),Pulses & Legumes,1 Kg,263.26,2023-07_Annexure1.pdf,283.55,267.2,244.95,217.49,270.4,243.29,280.0,237.67,243.18,266.43,266.31,294.88,299.33,239.08,235.74,294.97,313.19
2023-07,2023-07-01,19,Pulse Mash (Washed) 1 Kg,Pulse Mash (Washed),Pulse Mash (Washed),Pulses & Legumes,1 Kg,468.25,2023-07_Annexure1.pdf,483.03,459.93,481.65,484.97,489.9,486.58,494.12,481.02,464.92,475.85,471.98,460.0,480.0,480.0,500.0,512.46,300.0
2023-07,2023-07-01,20,Pulse Gram 1 Kg,Pulse Gram,Pulse Gram,Pulses & Legumes,1 Kg,240.48,2023-07_Annexure1.pdf,268.81,257.87,220.0,213.74,217.93,224.87,238.3,238.24,226.47,247.34,245.26,260.0,244.95,240.82,217.45,264.97,273.29
2023-07,2023-07-01,21,Potatoes 1 Kg,Potatoes,Potatoes,Vegetables,1 Kg,91.91,2023-07_Annexure1.pdf,120.22,107.99,90.79,93.22,97.03,87.88,80.0,98.84,100.0,78.34,79.27,80.0,73.19,100.95,103.32,84.9,100.0
2023-07,2023-07-01,22,Onions 1 Kg,Onions,Onions,Vegetables,1 Kg,58.97,2023-07_Annexure1.pdf,76.18,74.48,61.13,64.81,64.25,54.64,54.77,59.69,61.56,59.33,60.02,50.0,52.65,59.05,57.93,49.58,50.0
2023-07,2023-07-01,23,Tomatoes 1 Kg,Tomatoes,Tomatoes,Vegetables,1 Kg,90.53,2023-07_Annexure1.pdf,128.31,114.92,105.55,104.39,107.66,92.96,92.94,98.45,98.98,90.86,86.9,78.72,86.45,85.59,83.45,54.85,59.44
2023-08,2023-08-01,17,Pulse Masoor (Washed) 1 Kg,Pulse Masoor (Washed),Pulse Masoor (Washed),Pulses & Legumes,1 Kg,285.75,2023-08_Annexure1.pdf,305.02,291.57,273.6,266.45,287.24,306.52,297.95,280.25,277.11,284.28,289.65,270.0,296.03,272.16,273.93,293.78,296.63
2023-08,2023-08-01,18,Pulse Moong (Washed) 1 Kg,Pulse Moong (Washed),Pulse Moong (Washed),Pulses & Legumes,1 Kg,269.94,2023-08_Annexure1.pdf,290.57,270.4,253.95,223.88,270.4,256.5,280.0,247.62,255.87,276.86,284.96,290.0,298.27,247.66,241.14,305.89,313.19
2023-08,2023-08-01,19,Pulse Mash (Washed) 1 Kg,Pulse Mash (Washed),Pulse Mash (Washed),Pulses & Legumes,1 Kg,499.57,2023-08_Annexure1.pdf,536.15,511.01,520.94,515.78,516.39,506.58,525.22,525.92,496.96,507.02,493.21,475.93,487.75,510.75,503.94,522.96,363.98
2023-08,2023-08-01,20,Pulse Gram 1 Kg,Pulse Gram,Pulse Gram,Pulses & Legumes,1 Kg,242.6,2023-08_Annexure1.pdf,268.82,257.87,220.0,215.0,222.42,229.17,238.64,242.8,241.94,253.71,246.9,260.0,233.14,245.06,217.25,269.92,273.29
2023-08,2023-08-01,21,Potatoes 1 Kg,Potatoes,Potatoes,Vegetables,1 Kg,95.08,2023-08_Annexure1.pdf,126.08,113.89,96.55,95.2,96.16,91.61,87.22,100.81,100.0,81.49,81.62,80.0,76.58,101.71,110.24,90.77,100.0
2023-08,2023-08-01,22,Onions 1 Kg,Onions,Onions,Vegetables,1 Kg,65.96,2023-08_Annexure1.pdf,93.29,83.58,69.46,69.41,69.04,65.05,66.35,65.75,71.9,64.4,61.02,60.0,59.94,68.55,60.11,54.85,50.0
2023-08,2023-08-01,23,Tomatoes 1 Kg,Tomatoes,Tomatoes,Vegetables,1 Kg,115.42,2023-08_Annexure1.pdf,132.69,121.48,136.43,119.55,121.65,116.85,100.96,120.38,126.32,127.96,126.58,115.86,111.71,98.71,90.15,93.87,114.0
2023-09,2023-09-01,17,Pulse Masoor (Washed) 1 Kg,Pulse Masoor (Washed),Pulse Masoor (Washed),Pulses & Legumes,1 Kg,337.54,2023-09_Annexure1.pdf,375.65,355.26,334.89,340.0,317.82,347.08,325.69,346.05,328.08,348.86,352.41,342.25,311.51,339.63,329.53,304.12,346.63
2023-09,2023-09-01,18,Pulse Moong (Washed) 1 Kg,Pulse Moong (Washed),Pulse Moong (Washed),Pulses & Legumes,1 Kg,287.61,2023-09_Annexure1.pdf,308.07,287.16,274.86,258.69,270.4,258.84,280.0,280.68,270.75,309.78,310.84,320.0,313.19,273.17,259.9,313.62,313.19
2023-09,2023-09-01,19,Pulse Mash (Washed) 1 Kg,Pulse Mash (Washed),Pulse Mash (Washed),Pulses & Legumes,1 Kg,538.59,2023-09_Annexure1.pdf,580.68,558.49,550.0,544.93,549.47,558.71,550.79,553.86,553.28,561.33,540.02,540.0,520.0,539.42,540.0,549.87,393.31
2023-09,2023-09-01,20,Pulse Gram 1 Kg,Pulse Gram,Pulse Gram,Pulses & Legumes,1 Kg,250.1,2023-09_Annexure1.pdf,274.75,260.53,218.74,216.21,226.58,233.29,234.95,259.63,243.29,266.61,243.7,260.0,244.85,278.59,247.36,279.93,276.63
2023-09,2023-09-01,21,Potatoes 1 Kg,Potatoes,Potatoes,Vegetables,1 Kg,95.35,2023-09_Annexure1.pdf,122.89,112.46,100.0,96.55,96.07,96.13,85.69,101.53,100.0,82.25,77.37,80.0,77.38,102.53,117.84,87.3,100.0
2023-09,2023-09-01,22,Onions 1 Kg,Onions,Onions,Vegetables,1 Kg,84.39,2023-09_Annexure1.pdf,121.15,110.91,94.87,96.31,93.15,84.06,82.81,90.98,91.41,81.28,81.77,72.38,63.01,100.22,79.13,56.09,62.5
2023-09,2023-09-01,23,Tomatoes 1 Kg,Tomatoes,Tomatoes,Vegetables,1 Kg,102.11,2023-09_Annexure1.pdf,115.24,106.77,119.16,110.23,110.77,104.29,91.77,110.1,110.75,111.89,111.36,104.66,107.89,83.48,69.64,83.4,100.0
2023-10,2023-10-01,17,Pulse Masoor (Washed) 1 Kg,Pulse Masoor (Washed),Pulse Masoor (Washed),Pulses & Legumes,1 Kg,323.01,2023-10_Annexure1.pdf,366.42,341.99,307.47,304.88,322.22,309.21,335.67,299.91,323.25,338.1,311.6,319.51,309.49,320.56,319.37,333.6,334.76
2023-10,2023-10-01,18,Pulse Moong (Washed) 1 Kg,Pulse Moong (Washed),Pulse Moong (Washed),Pulses & Legumes,1 Kg,279.57,2023-10_Annexure1.pdf,295.53,279.54,272.47,252.49,270.4,249.81,280.0,261.52,264.95,302.41,290.94,297.23,301.16,261.24,249.27,332.45,306.52
2023-10,2023-10-01,19,Pulse Mash (Washed) 1 Kg,Pulse Mash (Washed),Pulse Mash (Washed),Pulses & Legumes,1 Kg,529.88,2023-10_Annexure1.pdf,571.8,551.36,527.19,510.79,563.95,538.33,554.98,530.46,528.24,555.33,507.39,529.91,539.68,533.85,540.0,573.66,383.13
2023-10,2023-10-01,20,Pulse Gram 1 Kg,Pulse Gram,Pulse Gram,Pulses & Legumes,1 Kg,234.86,2023-10_Annexure1.pdf,259.71,250.12,207.34,201.24,218.8,228.23,215.15,224.99,229.89,254.09,230.14,244.85,227.12,248.65,223.25,282.44,262.05
2023-10,2023-10-01,21,Potatoes 1 Kg,Potatoes,Potatoes,Vegetables,1 Kg,98.13,2023-10_Annexure1.pdf,128.6,118.6,108.83,112.12,104.9,96.55,85.69,107.89,100.0,88.16,80.0,80.0,84.02,100.18,100.5,87.3,100.0
2023-10,2023-10-01,22,Onions 1 Kg,Onions,Onions,Vegetables,1 Kg,106.1,2023-10_Annexure1.pdf,138.84,127.68,110.28,114.52,115.46,104.36,98.88,112.35,113.82,112.91,111.66,94.87,91.55,107.11,94.57,74.89,96.55
2023-10,2023-10-01,23,Tomatoes 1 Kg,Tomatoes,Tomatoes,Vegetables,1 Kg,112.8,2023-10_Annexure1.pdf,142.73,123.51,128.82,121.41,130.67,105.65,109.54,115.49,124.51,131.26,114.02,112.47,120.66,96.03,68.75,90.87,106.02
2023-11,2023-11-01,17,Pulse Masoor (Washed) 1 Kg,Pulse Masoor (Washed),Pulse Masoor (Washed),Pulses & Legumes,1 Kg,320.98,2023-11_Annexure1.pdf,361.43,334.13,315.83,318.74,312.42,326.97,322.62,311.14,311.84,325.04,318.58,307.46,318.63,315.23,303.9,329.63,327.26
2023-11,2023-11-01,18,Pulse Moong (Washed) 1 Kg,Pulse Moong (Washed),Pulse Moong (Washed),Pulses & Legumes,1 Kg,276.47,2023-11_Annexure1.pdf,288.2,272.48,263.95,250.0,270.4,263.36,280.0,268.68,256.62,289.99,283.07,290.0,278.44,266.82,261.81,319.93,305.21
2023-11,2023-11-01,19,Pulse Mash (Washed) 1 Kg,Pulse Mash (Washed),Pulse Mash (Washed),Pulses & Legumes,1 Kg,520.96,2023-11_Annexure1.pdf,565.57,548.99,509.93,514.98,535.21,538.84,556.65,536.12,522.62,538.07,520.58,510.0,491.74,526.65,535.94,564.97,373.21
2023-11,2023-11-01,20,Pulse Gram 1 Kg,Pulse Gram,Pulse Gram,Pulses & Legumes,1 Kg,229.43,2023-11_Annexure1.pdf,250.06,239.4,215.85,209.9,207.45,225.25,205.82,226.7,217.22,240.2,221.42,220.0,224.47,255.85,229.26,280.93,243.29
2023-11,2023-11-01,21,Potatoes 1 Kg,Potatoes,Potatoes,Vegetables,1 Kg,106.92,2023-11_Annexure1.pdf,148.21,135.43,122.53,125.83,130.28,112.27,102.52,129.53,106.32,89.39,79.96,80.0,84.73,105.21,103.71,92.29,100.0
2023-11,2023-11-01,22,Onions 1 Kg,Onions,Onions,Vegetables,1 Kg,127.42,2023-11_Annexure1.pdf,159.82,147.86,131.65,134.93,140.09,125.9,119.17,132.71,124.79,130.24,138.84,120.79,123.5,125.49,119.32,107.98,96.55
2023-11,2023-11-01,23,Tomatoes 1 Kg,Tomatoes,Tomatoes,Vegetables,1 Kg,161.49,2023-11_Annexure1.pdf,198.11,184.43,184.05,178.85,192.73,163.04,141.49,158.21,158.77,152.13,136.01,142.22,153.72,158.14,144.15,148.66,167.77
2023-12,2023-12-01,17,Pulse Masoor (Washed) 1 Kg,Pulse Masoor (Washed),Pulse Masoor (Washed),Pulses & Legumes,1 Kg,335.16,2023-12_Annexure1.pdf,367.44,350.24,320.0,327.47,327.14,346.54,337.47,336.5,320.0,340.77,329.85,332.47,320.0,326.28,320.0,367.56,333.3
2023-12,2023-12-01,18,Pulse Moong (Washed) 1 Kg,Pulse Moong (Washed),Pulse Moong (Washed),Pulses & Legumes,1 Kg,286.56,2023-12_Annexure1.pdf,291.62,272.62,282.47,259.9,270.4,288.28,280.82,293.34,263.81,293.2,287.97,301.76,305.94,266.33,270.0,341.37,313.19
2023-12,2023-12-01,19,Pulse Mash (Washed) 1 Kg,Pulse Mash (Washed),Pulse Mash (Washed),Pulses & Legumes,1 Kg,529.54,2023-12_Annexure1.pdf,567.25,550.59,520.0,520.0,535.21,552.1,556.65,544.96,533.25,540.7,530.75,512.48,534.79,541.54,549.91,573.7,373.21
2023-12,2023-12-01,20,Pulse Gram 1 Kg,Pulse Gram,Pulse Gram,Pulses & Legumes,1 Kg,239.56,2023-12_Annexure1.pdf,261.39,248.7,222.46,220.0,221.91,230.71,216.61,250.45,217.84,243.64,231.3,229.38,230.57,270.44,244.91,289.1,256.62
2023-12,2023-12-01,21,Potatoes 1 Kg,Potatoes,Potatoes,Vegetables,1 Kg,83.25,2023-12_Annexure1.pdf,111.76,104.68,79.13,87.89,83.52,79.67,74.06,88.75,85.86,80.26,71.37,71.35,65.29,94.83,81.81,78.27,89.44
2023-12,2023-12-01,22,Onions 1 Kg,Onions,Onions,Vegetables,1 Kg,167.38,2023-12_Annexure1.pdf,211.02,192.72,185.5,202.33,183.24,163.6,162.87,166.41,157.19,161.9,147.51,169.18,154.6,156.99,144.47,151.21,152.12
2023-12,2023-12-01,23,Tomatoes 1 Kg,Tomatoes,Tomatoes,Vegetables,1 Kg,111.21,2023-12_Annexure1.pdf,144.47,133.78,124.71,127.3,115.16,112.15,104.66,105.02,107.11,92.95,79.9,100.0,102.38,121.76,104.66,113.79,118.42
2024-01,2024-01-01,17,Pulse Masoor (Washed) 1 Kg,Pulse Masoor (Washed),Pulse Masoor (Washed),Pulses & Legumes,1 Kg,339.5,2024-01_Annexure1.pdf,374.71,358.44,322.47,330.0,329.43,346.54,340.0,338.12,320.0,342.39,333.2,340.0,326.53,337.75,320.0,366.11,351.53
2024-01,2024-01-01,18,Pulse Moong (Washed) 1 Kg,Pulse Moong (Washed),Pulse Moong (Washed),Pulses & Legumes,1 Kg,302.54,2024-01_Annexure1.pdf,314.35,291.19,284.87,274.87,270.4,293.3,296.63,308.73,294.1,300.43,326.95,344.89,305.26,280.0,297.47,346.1,326.63
2024-01,2024-01-01,19,Pulse Mash (Washed) 1 Kg,Pulse Mash (Washed),Pulse Mash (Washed),Pulses & Legumes,1 Kg,539.94,2024-01_Annexure1.pdf,571.01,552.61,524.93,521.25,535.21,569.94,556.65,549.94,533.25,543.45,529.28,520.0,545.18,552.21,560.0,558.34,465.42
2024-01,2024-01-01,20,Pulse Gram 1 Kg,Pulse Gram,Pulse Gram,Pulses & Legumes,1 Kg,257.78,2024-01_Annexure1.pdf,276.4,261.03,240.0,232.49,248.85,244.78,238.3,272.43,248.13,257.58,247.99,260.0,243.94,296.62,257.46,289.93,276.63
2024-01,2024-01-01,21,Potatoes 1 Kg,Potatoes,Potatoes,Vegetables,1 Kg,59.24,2024-01_Annexure1.pdf,86.78,80.47,59.72,68.87,63.6,50.12,51.87,59.35,58.2,59.23,50.91,46.42,41.97,76.26,53.13,58.52,59.72
2024-01,2024-01-01,22,Onions 1 Kg,Onions,Onions,Vegetables,1 Kg,214.14,2024-01_Annexure1.pdf,242.16,235.23,222.16,235.75,234.63,193.4,212.25,210.89,217.96,206.09,187.92,211.11,213.44,216.05,190.6,193.39,228.05
2024-01,2024-01-01,23,Tomatoes 1 Kg,Tomatoes,Tomatoes,Vegetables,1 Kg,138.21,2024-01_Annexure1.pdf,179.3,160.73,150.64,149.83,152.06,138.35,135.19,140.9,143.29,119.43,112.57,109.54,136.1,150.66,117.92,133.31,138.26
2024-02,2024-02-01,17,Pulse Masoor (Washed) 1 Kg,Pulse Masoor (Washed),Pulse Masoor (Washed),Pulses & Legumes,1 Kg,333.59,2024-02_Annexure1.pdf,383.94,365.17,310.0,310.0,340.87,346.54,324.89,317.35,308.18,342.36,330.43,329.85,317.44,334.1,314.88,377.42,329.9
2024-02,2024-02-01,18,Pulse Moong (Washed) 1 Kg,Pulse Moong (Washed),Pulse Moong (Washed),Pulses & Legumes,1 Kg,311.92,2024-02_Annexure1.pdf,326.26,302.59,300.0,290.0,289.38,291.65,318.31,304.37,290.76,306.73,330.22,340.0,318.28,297.75,300.0,387.43,323.3
2024-02,2024-02-01,19,Pulse Mash (Washed) 1 Kg,Pulse Mash (Washed),Pulse Mash (Washed),Pulses & Legumes,1 Kg,540.03,2024-02_Annexure1.pdf,580.55,557.27,520.0,504.98,582.2,569.94,540.0,528.62,514.93,507.53,481.82,489.7,558.86,552.21,587.02,604.9,519.71
2024-02,2024-02-01,20,Pulse Gram 1 Kg,Pulse Gram,Pulse Gram,Pulses & Legumes,1 Kg,259.56,2024-02_Annexure1.pdf,287.35,271.92,240.0,233.74,250.9,238.24,240.0,266.19,256.62,266.52,248.44,260.0,240.0,292.65,260.0,294.97,276.63
2024-02,2024-02-01,21,Potatoes 1 Kg,Potatoes,Potatoes,Vegetables,1 Kg,68.35,2024-02_Annexure1.pdf,87.92,79.22,71.58,71.58,69.74,61.17,62.36,66.87,71.33,65.75,60.15,55.61,56.46,81.82,72.38,62.21,74.89
2024-02,2024-02-01,22,Onions 1 Kg,Onions,Onions,Vegetables,1 Kg,221.59,2024-02_Annexure1.pdf,281.97,267.97,233.53,230.64,228.16,202.18,219.17,190.83,203.6,230.28,221.79,182.81,196.19,259.95,195.27,210.13,239.64
2024-02,2024-02-01,23,Tomatoes 1 Kg,Tomatoes,Tomatoes,Vegetables,1 Kg,122.11,2024-02_Annexure1.pdf,150.66,139.81,135.05,129.03,137.84,123.54,115.44,128.72,134.98,104.91,101.81,112.69,111.78,128.24,114.03,98.31,123.01
2024-03,2024-03-01,17,Pulse Masoor (Washed) 1 Kg,Pulse Masoor (Washed),Pulse Masoor (Washed),Pulses & Legumes,1 Kg,333.59,2024-03_Annexure1.pdf,383.94,365.17,310.0,310.0,340.87,346.54,324.89,317.35,308.18,342.36,330.43,329.85,317.44,334.1,314.88,377.42,329.9
2024-03,2024-03-01,18,Pulse Moong (Washed) 1 Kg,Pulse Moong (Washed),Pulse Moong (Washed),Pulses & Legumes,1 Kg,311.92,2024-03_Annexure1.pdf,326.26,302.59,300.0,290.0,289.38,291.65,318.31,304.37,290.76,306.73,330.22,340.0,318.28,297.75,300.0,387.43,323.3
2024-03,2024-03-01,19,Pulse Mash (Washed) 1 Kg,Pulse Mash (Washed),Pulse Mash (Washed),Pulses & Legumes,1 Kg,540.03,2024-03_Annexure1.pdf,580.55,557.27,520.0,504.98,582.2,569.94,540.0,528.62,514.93,507.53,481.82,489.7,558.86,552.21,587.02,604.9,519.71
2024-03,2024-03-01,20,Pulse Gram 1 Kg,Pulse Gram,Pulse Gram,Pulses & Legumes,1 Kg,259.56,2024-03_Annexure1.pdf,287.35,271.92,240.0,233.74,250.9,238.24,240.0,266.19,256.62,266.52,248.44,260.0,240.0,292.65,260.0,294.97,276.63
2024-03,2024-03-01,21,Potatoes 1 Kg,Potatoes,Potatoes,Vegetables,1 Kg,68.35,2024-03_Annexure1.pdf,87.92,79.22,71.58,71.58,69.74,61.17,62.36,66.87,71.33,65.75,60.15,55.61,56.46,81.82,72.38,62.21,74.89
2024-03,2024-03-01,22,Onions 1 Kg,Onions,Onions,Vegetables,1 Kg,221.59,2024-03_Annexure1.pdf,281.97,267.97,233.53,230.64,228.16,202.18,219.17,190.83,203.6,230.28,221.79,182.81,196.19,259.95,195.27,210.13,239.64
2024-03,2024-03-01,23,Tomatoes 1 Kg,Tomatoes,Tomatoes,Vegetables,1 Kg,122.11,2024-03_Annexure1.pdf,150.66,139.81,135.05,129.03,137.84,123.54,115.44,128.72,134.98,104.91,101.81,112.69,111.78,128.24,114.03,98.31,123.01
2024-04,2024-04-01,17,Pulse Masoor (Washed) 1 Kg,Pulse Masoor (Washed),Pulse Masoor (Washed),Pulses & Legumes,1 Kg,329.69,2024-04_Annexure1.pdf,383.94,365.17,310.0,310.0,340.87,346.54,320.0,303.72,300.0,335.33,312.91,320.0,320.0,325.65,320.0,382.43,323.3
2024-04,2024-04-01,18,Pulse Moong (Washed) 1 Kg,Pulse Moong (Washed),Pulse Moong (Washed),Pulses & Legumes,1 Kg,311.71,2024-04_Annexure1.pdf,326.26,302.59,300.0,290.0,289.38,288.31,320.0,304.37,289.88,307.33,323.91,340.0,323.25,296.35,302.47,389.95,320.0
2024-04,2024-04-01,19,Pulse Mash (Washed) 1 Kg,Pulse Mash (Washed),Pulse Mash (Washed),Pulses & Legumes,1 Kg,541.09,2024-04_Annexure1.pdf,580.55,557.27,534.75,517.43,582.2,569.94,540.0,528.62,506.58,513.86,493.99,489.7,548.13,552.66,584.81,613.69,503.31
2024-04,2024-04-01,20,Pulse Gram 1 Kg,Pulse Gram,Pulse Gram,Pulses & Legumes,1 Kg,257.76,2024-04_Annexure1.pdf,287.35,271.92,240.0,232.49,250.9,233.29,240.0,252.14,256.62,265.77,248.24,260.0,240.0,280.47,260.0,297.44,276.63
2024-04,2024-04-01,21,Potatoes 1 Kg,Potatoes,Potatoes,Vegetables,1 Kg,72.2,2024-04_Annexure1.pdf,93.63,82.49,76.32,77.07,72.66,67.76,69.28,69.88,75.85,66.27,61.38,57.19,56.78,88.2,79.91,67.24,76.58
2024-04,2024-04-01,22,Onions 1 Kg,Onions,Onions,Vegetables,1 Kg,192.31,2024-04_Annexure1.pdf,233.23,219.72,202.1,202.69,190.06,174.55,203.34,158.74,159.18,225.74,209.01,171.2,154.09,210.24,163.81,223.38,196.36
2024-04,2024-04-01,23,Tomatoes 1 Kg,Tomatoes,Tomatoes,Vegetables,1 Kg,103.9,2024-04_Annexure1.pdf,133.7,116.67,120.98,134.21,108.61,102.15,115.83,107.56,101.53,95.13,84.95,85.72,77.69,116.42,92.49,103.05,90.21
2024-05,2024-05-01,17,Pulse Masoor (Washed) 1 Kg,Pulse Masoor (Washed),Pulse Masoor (Washed),Pulses & Legumes,1 Kg,320.94,2024-05_Annexure1.pdf,383.94,365.17,310.0,305.96,333.59,338.53,311.84,297.71,300.0,321.16,300.4,320.0,311.84,301.08,311.84,358.67,299.87
2024-05,2024-05-01,18,Pulse Moong (Washed) 1 Kg,Pulse Moong (Washed),Pulse Moong (Washed),Pulses & Legumes,1 Kg,308.75,2024-05_Annexure1.pdf,323.89,299.88,300.0,290.0,289.38,282.3,300.66,304.37,300.0,301.94,320.26,340.0,321.3,299.55,300.0,369.67,316.59
2024-05,2024-05-01,19,Pulse Mash (Washed) 1 Kg,Pulse Mash (Washed),Pulse Mash (Washed),Pulses & Legumes,1 Kg,548.27,2024-05_Annexure1.pdf,580.55,557.27,561.99,545.94,587.17,566.94,542.64,535.17,515.94,536.91,530.09,531.91,540.0,561.98,567.78,571.39,495.36
2024-05,2024-05-01,20,Pulse Gram 1 Kg,Pulse Gram,Pulse Gram,Pulses & Legumes,1 Kg,260.01,2024-05_Annexure1.pdf,287.35,271.92,246.51,239.96,242.87,233.29,240.33,254.54,269.15,271.05,253.54,260.0,256.83,288.33,263.95,289.93,259.85
2024-05,2024-05-01,21,Potatoes 1 Kg,Potatoes,Potatoes,Vegetables,1 Kg,87.85,2024-05_Annexure1.pdf,112.18,99.24,98.61,98.61,93.11,86.46,83.79,96.22,98.61,76.13,70.0,69.85,66.47,100.0,99.73,69.7,92.83
2024-05,2024-05-01,22,Onions 1 Kg,Onions,Onions,Vegetables,1 Kg,113.91,2024-05_Annexure1.pdf,124.65,116.85,123.36,121.78,116.32,108.96,108.45,108.51,111.98,123.8,123.87,117.44,110.12,104.25,101.44,103.57,115.38
2024-05,2024-05-01,23,Tomatoes 1 Kg,Tomatoes,Tomatoes,Vegetables,1 Kg,67.68,2024-05_Annexure1.pdf,96.49,88.39,82.02,88.54,70.95,59.46,63.1,53.53,44.81,84.02,72.19,46.04,52.21,78.25,60.93,63.9,74.66
2024-06,2024-06-01,17,Pulse Masoor (Washed) 1 Kg,Pulse Masoor (Washed),Pulse Masoor (Washed),Pulses & Legumes,1 Kg,314.68,2024-06_Annexure1.pdf,383.94,365.17,304.96,300.0,331.8,333.3,292.19,306.19,303.24,302.24,300.01,300.0,299.77,298.87,308.18,347.34,289.82
2024-06,2024-06-01,18,Pulse Moong (Washed) 1 Kg,Pulse Moong (Washed),Pulse Moong (Washed),Pulses & Legumes,1 Kg,313.54,2024-06_Annexure1.pdf,328.45,305.19,309.84,306.84,294.03,295.3,312.28,320.95,309.76,299.71,325.11,329.85,320.0,301.33,314.88,359.74,303.3
2024-06,2024-06-01,19,Pulse Mash (Washed) 1 Kg,Pulse Mash (Washed),Pulse Mash (Washed),Pulses & Legumes,1 Kg,564.73,2024-06_Annexure1.pdf,589.35,573.54,580.0,560.0,624.64,564.95,554.98,574.06,546.65,549.77,546.58,532.48,540.0,574.11,600.0,561.12,536.34
2024-06,2024-06-01,20,Pulse Gram 1 Kg,Pulse Gram,Pulse Gram,Pulses & Legumes,1 Kg,293.21,2024-06_Annexure1.pdf,322.76,292.1,304.62,282.12,263.36,272.16,270.6,311.38,290.46,288.89,295.56,304.88,293.21,318.06,290.26,313.31,278.86
2024-06,2024-06-01,21,Potatoes 1 Kg,Potatoes,Potatoes,Vegetables,1 Kg,95.4,2024-06_Annexure1.pdf,118.59,110.4,103.09,107.97,94.2,95.67,103.78,100.0,100.0,85.91,75.25,73.19,77.38,104.67,110.5,82.28,94.57
2024-06,2024-06-01,22,Onions 1 Kg,Onions,Onions,Vegetables,1 Kg,129.98,2024-06_Annexure1.pdf,142.92,140.69,129.57,147.43,136.74,122.92,125.43,130.17,133.18,133.86,138.96,125.61,127.95,132.93,114.73,124.23,108.55
2024-06,2024-06-01,23,Tomatoes 1 Kg,Tomatoes,Tomatoes,Vegetables,1 Kg,108.42,2024-06_Annexure1.pdf,130.31,116.58,117.71,112.11,102.57,102.77,92.12,107.0,90.9,135.16,120.15,103.6,114.87,103.08,91.15,109.98,104.49
2024-07,2024-07-01,17,Pulse Masoor (Washed) 1 Kg,Pulse Masoor (Washed),Pulse Masoor (Washed),Pulses & Legumes,1 Kg,325.02,2024-07_Annexure1.pdf,383.94,370.21,300.0,300.0,331.8,333.3,316.63,333.1,313.19,317.3,323.99,300.0,316.5,312.89,309.84,379.95,300.0
2024-07,2024-07-01,18,Pulse Moong (Washed) 1 Kg,Pulse Moong (Washed),Pulse Moong (Washed),Pulses & Legumes,1 Kg,337.77,2024-07_Annexure1.pdf,360.24,335.35,332.25,320.0,323.32,309.84,334.13,352.75,329.1,328.14,346.27,360.0,329.75,320.0,334.1,392.36,343.3
2024-07,2024-07-01,19,Pulse Mash (Washed) 1 Kg,Pulse Mash (Washed),Pulse Mash (Washed),Pulses & Legumes,1 Kg,573.48,2024-07_Annexure1.pdf,609.87,593.73,580.0,552.48,624.64,564.95,574.07,601.77,548.31,565.02,553.27,540.0,542.48,591.31,600.0,614.87,506.58
2024-07,2024-07-01,20,Pulse Gram 1 Kg,Pulse Gram,Pulse Gram,Pulses & Legumes,1 Kg,330.02,2024-07_Annexure1.pdf,357.17,331.03,332.32,317.16,310.97,300.0,294.9,352.69,327.26,336.49,341.16,334.89,329.32,354.33,320.82,354.94,323.3
2024-07,2024-07-01,21,Potatoes 1 Kg,Potatoes,Potatoes,Vegetables,1 Kg,98.28,2024-07_Annexure1.pdf,118.59,115.58,100.0,113.24,96.62,99.53,105.77,104.69,106.26,92.24,78.77,74.84,80.0,115.57,99.66,84.61,100.0
2024-07,2024-07-01,22,Onions 1 Kg,Onions,Onions,Vegetables,1 Kg,112.88,2024-07_Annexure1.pdf,141.91,138.65,114.65,123.1,113.01,105.25,101.94,104.14,126.93,116.49,121.53,100.0,102.51,125.67,101.53,95.19,100.0
2024-07,2024-07-01,23,Tomatoes 1 Kg,Tomatoes,Tomatoes,Vegetables,1 Kg,165.1,2024-07_Annexure1.pdf,193.09,182.75,189.15,173.7,176.71,183.62,122.04,177.7,189.88,180.2,201.75,186.12,147.51,150.13,128.53,138.59,121.67
2024-08,2024-08-01,17,Pulse Masoor (Washed) 1 Kg,Pulse Masoor (Washed),Pulse Masoor (Washed),Pulses & Legumes,1 Kg,320.92,2024-08_Annexure1.pdf,383.94,371.89,285.89,287.83,319.08,334.63,310.53,333.1,313.19,320.03,314.8,300.0,305.83,312.51,300.0,369.78,311.84
2024-08,2024-08-01,18,Pulse Moong (Washed) 1 Kg,Pulse Moong (Washed),Pulse Moong (Washed),Pulses & Legumes,1 Kg,341.16,2024-08_Annexure1.pdf,363.77,337.2,341.92,309.87,324.54,322.62,335.27,353.3,334.61,350.0,351.71,360.0,332.63,328.84,325.05,393.87,343.3
2024-08,2024-08-01,19,Pulse Mash (Washed) 1 Kg,Pulse Mash (Washed),Pulse Mash (Washed),Pulses & Legumes,1 Kg,581.03,2024-08_Annexure1.pdf,620.72,601.88,561.92,545.94,624.55,567.94,600.94,601.77,559.27,573.31,550.58,540.0,571.77,599.55,600.0,638.94,532.2
2024-08,2024-08-01,20,Pulse Gram 1 Kg,Pulse Gram,Pulse Gram,Pulses & Legumes,1 Kg,354.44,2024-08_Annexure1.pdf,378.95,360.21,362.96,349.09,334.63,311.84,334.29,370.3,356.04,365.9,350.58,361.7,364.45,375.72,331.62,386.83,339.2
2024-08,2024-08-01,21,Potatoes 1 Kg,Potatoes,Potatoes,Vegetables,1 Kg,100.61,2024-08_Annexure1.pdf,123.97,117.31,107.57,115.9,101.28,95.2,100.0,118.32,112.92,90.2,79.72,80.0,83.86,120.0,93.56,87.67,100.0
2024-08,2024-08-01,22,Onions 1 Kg,Onions,Onions,Vegetables,1 Kg,134.87,2024-08_Annexure1.pdf,167.79,163.95,142.69,150.22,148.58,119.09,128.93,135.44,132.23,131.94,132.87,116.84,130.81,147.27,123.06,117.04,118.02
2024-08,2024-08-01,23,Tomatoes 1 Kg,Tomatoes,Tomatoes,Vegetables,1 Kg,132.16,2024-08_Annexure1.pdf,158.61,150.23,161.65,143.41,148.59,122.09,115.46,118.25,139.02,154.42,142.62,131.63,142.24,125.01,98.31,98.64,120.4
2024-09,2024-09-01,17,Pulse Masoor (Washed) 1 Kg,Pulse Masoor (Washed),Pulse Masoor (Washed),Pulses & Legumes,1 Kg,311.65,2024-09_Annexure1.pdf,372.93,364.57,280.0,280.0,290.84,340.0,300.0,330.91,306.52,315.8,314.88,300.0,284.87,296.11,294.87,337.41,307.39
2024-09,2024-09-01,18,Pulse Moong (Washed) 1 Kg,Pulse Moong (Washed),Pulse Moong (Washed),Pulses & Legumes,1 Kg,336.24,2024-09_Annexure1.pdf,360.47,334.02,312.47,310.0,309.38,330.77,304.88,353.3,322.87,354.82,354.11,360.0,338.11,310.18,313.19,389.95,373.21
2024-09,2024-09-01,19,Pulse Mash (Washed) 1 Kg,Pulse Mash (Washed),Pulse Mash (Washed),Pulses & Legumes,1 Kg,568.62,2024-09_Annexure1.pdf,603.02,590.91,519.81,504.78,593.21,569.94,563.4,599.61,564.04,557.49,530.95,554.93,557.16,583.52,588.08,644.95,556.65
2024-09,2024-09-01,20,Pulse Gram 1 Kg,Pulse Gram,Pulse Gram,Pulses & Legumes,1 Kg,390.4,2024-09_Annexure1.pdf,424.37,399.4,395.76,389.8,383.03,339.77,386.6,403.28,395.39,410.31,397.48,412.42,360.0,405.14,373.23,399.76,370.3
2024-09,2024-09-01,21,Potatoes 1 Kg,Potatoes,Potatoes,Vegetables,1 Kg,102.33,2024-09_Annexure1.pdf,129.57,121.01,108.98,120.0,102.61,116.7,100.0,120.0,112.92,88.31,80.79,80.0,84.02,116.8,93.75,84.61,100.0
2024-09,2024-09-01,22,Onions 1 Kg,Onions,Onions,Vegetables,1 Kg,149.2,2024-09_Annexure1.pdf,176.58,168.47,159.9,171.98,153.56,139.88,147.43,157.16,149.89,147.58,148.37,129.62,144.8,163.08,135.43,117.03,138.77
2024-09,2024-09-01,23,Tomatoes 1 Kg,Tomatoes,Tomatoes,Vegetables,1 Kg,117.82,2024-09_Annexure1.pdf,132.1,121.74,132.23,116.19,108.99,106.49,100.0,123.65,135.86,141.39,137.27,109.54,123.71,96.45,92.54,96.93,148.23
2024-10,2024-10-01,17,Pulse Masoor (Washed) 1 Kg,Pulse Masoor (Washed),Pulse Masoor (Washed),Pulses & Legumes,1 Kg,306.86,2024-10_Annexure1.pdf,367.07,361.65,280.0,280.0,290.84,340.0,298.65,309.25,300.0,312.79,313.86,300.0,282.61,286.93,280.0,327.91,303.3
2024-10,2024-10-01,18,Pulse Moong (Washed) 1 Kg,Pulse Moong (Washed),Pulse Moong (Washed),Pulses & Legumes,1 Kg,357.86,2024-10_Annexure1.pdf,374.6,356.36,352.06,340.96,325.04,344.06,331.37,381.86,353.79,367.39,381.26,375.45,326.84,346.87,359.89,401.83,374.23
2024-10,2024-10-01,19,Pulse Mash (Washed) 1 Kg,Pulse Mash (Washed),Pulse Mash (Washed),Pulses & Legumes,1 Kg,542.87,2024-10_Annexure1.pdf,595.35,582.86,475.93,480.0,567.94,569.94,547.31,566.24,514.55,532.13,478.53,560.0,575.94,515.48,551.95,617.7,522.97
2024-10,2024-10-01,20,Pulse Gram 1 Kg,Pulse Gram,Pulse Gram,Pulses & Legumes,1 Kg,411.18,2024-10_Annexure1.pdf,451.34,425.06,407.17,397.64,395.58,386.55,394.64,413.09,429.62,434.6,407.21,420.0,381.13,427.4,398.65,417.93,409.14
2024-10,2024-10-01,21,Potatoes 1 Kg,Potatoes,Potatoes,Vegetables,1 Kg,102.37,2024-10_Annexure1.pdf,134.07,127.25,116.94,120.64,106.0,117.97,97.91,120.0,112.92,86.87,80.61,80.0,80.0,115.95,94.97,75.56,100.0
2024-10,2024-10-01,22,Onions 1 Kg,Onions,Onions,Vegetables,1 Kg,154.97,2024-10_Annexure1.pdf,179.89,167.6,158.27,165.57,155.9,147.87,145.51,161.81,160.92,157.66,159.21,147.94,147.76,158.31,133.36,138.31,155.09
2024-10,2024-10-01,23,Tomatoes 1 Kg,Tomatoes,Tomatoes,Vegetables,1 Kg,138.29,2024-10_Annexure1.pdf,160.18,146.64,140.71,144.07,134.89,126.15,120.0,147.93,151.78,172.25,155.8,139.68,150.33,115.9,92.91,117.17,159.47
2024-11,2024-11-01,17,Pulse Masoor (Washed) 1 Kg,Pulse Masoor (Washed),Pulse Masoor (Washed),Pulses & Legumes,1 Kg,305.09,2024-11_Annexure1.pdf,359.98,353.41,280.0,280.0,290.84,336.63,293.98,307.42,281.64,306.28,313.19,300.0,292.96,287.71,284.87,329.94,303.3
2024-11,2024-11-01,18,Pulse Moong (Washed) 1 Kg,Pulse Moong (Washed),Pulse Moong (Washed),Pulses & Legumes,1 Kg,385.25,2024-11_Annexure1.pdf,393.28,380.54,380.0,360.0,349.39,373.3,380.0,376.74,363.3,408.75,422.64,414.97,401.4,361.64,380.0,419.92,393.22
2024-11,2024-11-01,19,Pulse Mash (Washed) 1 Kg,Pulse Mash (Washed),Pulse Mash (Washed),Pulses & Legumes,1 Kg,523.56,2024-11_Annexure1.pdf,573.56,564.24,474.92,480.0,513.42,566.62,541.65,507.49,484.94,499.98,492.45,560.0,548.25,474.31,539.95,594.9,506.58
2024-11,2024-11-01,20,Pulse Gram 1 Kg,Pulse Gram,Pulse Gram,Pulses & Legumes,1 Kg,398.51,2024-11_Annexure1.pdf,440.63,426.68,372.35,359.86,357.87,378.85,374.64,387.04,413.77,421.61,410.3,420.0,383.04,414.23,381.63,439.89,406.56
2024-11,2024-11-01,21,Potatoes 1 Kg,Potatoes,Potatoes,Vegetables,1 Kg,110.93,2024-11_Annexure1.pdf,146.22,139.8,135.96,135.37,133.15,125.57,108.98,142.17,112.92,93.06,81.99,80.0,86.18,119.03,100.0,84.61,100.0
2024-11,2024-11-01,22,Onions 1 Kg,Onions,Onions,Vegetables,1 Kg,149.69,2024-11_Annexure1.pdf,172.04,160.27,153.26,169.85,154.53,139.36,139.08,155.16,154.92,158.56,155.13,146.59,140.2,150.48,133.05,121.28,150.0
2024-11,2024-11-01,23,Tomatoes 1 Kg,Tomatoes,Tomatoes,Vegetables,1 Kg,165.65,2024-11_Annexure1.pdf,196.71,189.41,175.01,191.24,180.66,156.91,156.82,162.19,188.19,178.62,166.16,142.75,157.48,161.5,133.22,130.25,168.25
2024-12,2024-12-01,17,Pulse Masoor (Washed) 1 Kg,Pulse Masoor (Washed),Pulse Masoor (Washed),Pulses & Legumes,1 Kg,300.18,2024-12_Annexure1.pdf,348.79,347.96,280.0,280.0,290.84,343.3,266.62,307.42,280.0,299.88,314.88,300.0,280.0,287.71,277.47,329.86,286.51
2024-12,2024-12-01,18,Pulse Moong (Washed) 1 Kg,Pulse Moong (Washed),Pulse Moong (Washed),Pulses & Legumes,1 Kg,387.27,2024-12_Annexure1.pdf,409.87,388.75,388.23,374.97,349.39,370.42,369.58,372.01,373.3,400.09,399.61,420.0,393.09,368.83,380.0,442.32,393.22
2024-12,2024-12-01,19,Pulse Mash (Washed) 1 Kg,Pulse Mash (Washed),Pulse Mash (Washed),Pulses & Legumes,1 Kg,506.52,2024-12_Annexure1.pdf,526.41,502.71,476.62,477.48,508.49,566.62,520.0,490.39,478.3,472.9,484.93,554.93,544.95,459.41,509.71,557.44,496.27
2024-12,2024-12-01,20,Pulse Gram 1 Kg,Pulse Gram,Pulse Gram,Pulses & Legumes,1 Kg,378.97,2024-12_Annexure1.pdf,420.95,410.49,354.78,342.4,339.21,353.3,350.0,371.0,387.41,390.5,384.04,420.0,369.16,394.65,362.47,414.45,393.22
2024-12,2024-12-01,21,Potatoes 1 Kg,Potatoes,Potatoes,Vegetables,1 Kg,116.85,2024-12_Annexure1.pdf,135.77,129.14,120.0,127.75,132.51,114.23,113.0,131.53,126.22,113.97,108.5,114.65,90.33,121.07,108.75,97.78,112.19
2024-12,2024-12-01,22,Onions 1 Kg,Onions,Onions,Vegetables,1 Kg,141.85,2024-12_Annexure1.pdf,171.61,157.29,151.62,159.37,152.27,133.06,134.65,141.85,138.89,147.51,140.59,134.66,130.29,151.53,117.92,124.66,134.2
2024-12,2024-12-01,23,Tomatoes 1 Kg,Tomatoes,Tomatoes,Vegetables,1 Kg,178.45,2024-12_Annexure1.pdf,225.48,212.84,192.88,187.61,188.75,160.26,166.05,170.43,179.61,174.79,159.85,162.63,160.78,192.67,158.36,166.96,189.9
2025-01,2025-01-01,17,Pulse Masoor (Washed) 1 Kg,Pulse Masoor (Washed),Pulse Masoor (Washed),Pulses & Legumes,1 Kg,301.03,2025-01_Annexure1.pdf,348.79,347.96,280.0,280.0,290.84,332.16,272.58,311.51,280.0,296.52,307.85,300.0,282.59,293.46,280.0,343.85,286.51
2025-01,2025-01-01,18,Pulse Moong (Washed) 1 Kg,Pulse Moong (Washed),Pulse Moong (Washed),Pulses & Legumes,1 Kg,402.44,2025-01_Annexure1.pdf,419.04,393.48,396.64,380.0,400.05,376.21,375.25,424.28,385.18,398.37,410.52,427.98,397.14,397.69,395.92,463.93,409.14
2025-01,2025-01-01,19,Pulse Mash (Washed) 1 Kg,Pulse Mash (Washed),Pulse Mash (Washed),Pulses & Legumes,1 Kg,494.66,2025-01_Annexure1.pdf,513.17,493.85,474.62,465.97,508.49,512.41,506.38,486.58,476.64,456.4,476.77,520.0,552.59,455.31,500.0,577.95,450.5
2025-01,2025-01-01,20,Pulse Gram 1 Kg,Pulse Gram,Pulse Gram,Pulses & Legumes,1 Kg,361.46,2025-01_Annexure1.pdf,397.76,385.2,323.71,315.83,332.75,329.3,337.86,367.43,372.36,367.58,364.34,401.17,370.66,367.91,346.5,415.87,366.35
2025-01,2025-01-01,21,Potatoes 1 Kg,Potatoes,Potatoes,Vegetables,1 Kg,87.4,2025-01_Annexure1.pdf,108.04,101.82,90.72,86.53,87.92,76.21,72.59,86.53,89.62,86.49,77.79,76.74,72.83,109.73,84.09,87.67,102.32
2025-01,2025-01-01,22,Onions 1 Kg,Onions,Onions,Vegetables,1 Kg,118.07,2025-01_Annexure1.pdf,150.5,142.14,130.47,132.75,122.21,104.28,113.2,108.78,112.55,116.94,103.92,102.88,111.04,138.0,108.88,115.93,106.35
2025-01,2025-01-01,23,Tomatoes 1 Kg,Tomatoes,Tomatoes,Vegetables,1 Kg,119.02,2025-01_Annexure1.pdf,160.16,144.92,145.64,139.28,127.53,110.02,104.36,113.36,122.14,99.05,86.16,96.62,105.14,138.84,107.89,118.57,131.24
2025-02,2025-02-01,17,Pulse Masoor (Washed) 1 Kg,Pulse Masoor (Washed),Pulse Masoor (Washed),Pulses & Legumes,1 Kg,298.55,2025-02_Annexure1.pdf,348.79,347.96,280.0,280.0,290.84,291.1,276.63,314.26,280.0,294.94,304.88,300.0,280.0,298.87,280.0,334.9,286.51
2025-02,2025-02-01,18,Pulse Moong (Washed) 1 Kg,Pulse Moong (Washed),Pulse Moong (Washed),Pulses & Legumes,1 Kg,400.88,2025-02_Annexure1.pdf,432.27,398.54,396.64,380.0,406.13,308.1,382.48,403.64,394.97,397.33,417.87,430.0,411.47,419.97,400.0,452.37,403.26
2025-02,2025-02-01,19,Pulse Mash (Washed) 1 Kg,Pulse Mash (Washed),Pulse Mash (Washed),Pulses & Legumes,1 Kg,483.03,2025-02_Annexure1.pdf,503.75,489.9,467.2,452.42,503.41,479.19,471.65,479.81,473.27,429.68,453.27,494.73,554.1,456.08,500.0,537.3,481.13
2025-02,2025-02-01,20,Pulse Gram 1 Kg,Pulse Gram,Pulse Gram,Pulses & Legumes,1 Kg,332.51,2025-02_Annexure1.pdf,387.03,376.6,300.0,310.0,298.97,292.28,304.07,341.63,322.88,321.54,313.08,380.64,355.68,332.9,308.2,364.77,366.38
2025-02,2025-02-01,21,Potatoes 1 Kg,Potatoes,Potatoes,Vegetables,1 Kg,68.31,2025-02_Annexure1.pdf,85.53,78.49,70.66,63.16,68.6,58.07,60.0,62.89,68.87,73.15,62.61,56.46,53.94,89.17,62.06,74.55,85.95
2025-02,2025-02-01,22,Onions 1 Kg,Onions,Onions,Vegetables,1 Kg,88.62,2025-02_Annexure1.pdf,113.15,107.79,93.22,100.0,87.43,83.2,80.0,82.81,93.12,83.32,72.25,80.0,75.67,104.2,87.68,92.55,81.58
2025-02,2025-02-01,23,Tomatoes 1 Kg,Tomatoes,Tomatoes,Vegetables,1 Kg,58.21,2025-02_Annexure1.pdf,86.14,78.93,83.85,77.07,70.65,60.77,61.6,58.71,66.71,40.88,30.36,36.63,42.71,70.48,54.2,46.83,64.06
2025-03,2025-03-01,17,Pulse Masoor (Washed) 1 Kg,Pulse Masoor (Washed),Pulse Masoor (Washed),Pulses & Legumes,1 Kg,293.89,2025-03_Annexure1.pdf,348.79,347.96,272.47,280.0,285.79,295.76,280.0,315.95,263.29,294.68,302.42,275.0,280.0,279.42,267.37,339.94,286.51
2025-03,2025-03-01,18,Pulse Moong (Washed) 1 Kg,Pulse Moong (Washed),Pulse Moong (Washed),Pulses & Legumes,1 Kg,396.07,2025-03_Annexure1.pdf,432.27,398.54,399.16,387.48,397.72,341.62,400.0,388.76,386.6,395.72,414.91,400.0,346.54,411.86,400.0,444.92,400.0
2025-03,2025-03-01,19,Pulse Mash (Washed) 1 Kg,Pulse Mash (Washed),Pulse Mash (Washed),Pulses & Legumes,1 Kg,463.12,2025-03_Annexure1.pdf,503.75,489.9,427.42,429.94,478.4,479.19,479.16,477.58,453.27,419.38,437.9,460.0,447.44,444.7,484.71,502.44,469.78
2025-03,2025-03-01,20,Pulse Gram 1 Kg,Pulse Gram,Pulse Gram,Pulses & Legumes,1 Kg,309.31,2025-03_Annexure1.pdf,375.66,367.42,274.51,272.47,290.42,300.0,282.29,298.82,281.41,309.06,304.1,296.35,311.51,310.35,296.63,341.08,373.21
2025-03,2025-03-01,21,Potatoes 1 Kg,Potatoes,Potatoes,Vegetables,1 Kg,62.95,2025-03_Annexure1.pdf,79.09,75.7,64.8,62.35,65.05,53.13,52.33,61.04,61.41,67.84,56.3,51.15,53.13,83.53,60.77,54.38,81.5
2025-03,2025-03-01,22,Onions 1 Kg,Onions,Onions,Vegetables,1 Kg,69.8,2025-03_Annexure1.pdf,94.1,87.95,74.81,73.85,71.9,58.21,56.23,62.97,72.84,69.13,56.58,53.82,60.28,90.65,72.87,64.48,83.03
2025-03,2025-03-01,23,Tomatoes 1 Kg,Tomatoes,Tomatoes,Vegetables,1 Kg,73.04,2025-03_Annexure1.pdf,108.19,99.42,101.94,86.8,83.41,83.24,81.81,70.56,94.32,50.18,37.61,48.99,50.42,96.32,65.15,61.45,74.05
2025-04,2025-04-01,17,Pulse Masoor (Washed) 1 Kg,Pulse Masoor (Washed),Pulse Masoor (Washed),Pulses & Legumes,1 Kg,294.42,2025-04_Annexure1.pdf,348.79,347.96,270.0,280.0,280.83,295.76,280.0,324.88,263.29,293.36,292.75,275.0,280.0,287.35,280.0,337.34,286.51
2025-04,2025-04-01,18,Pulse Moong (Washed) 1 Kg,Pulse Moong (Washed),Pulse Moong (Washed),Pulses & Legumes,1 Kg,396.42,2025-04_Annexure1.pdf,432.27,398.54,390.0,390.0,389.48,348.19,400.0,403.45,393.31,393.61,411.55,400.0,348.2,405.47,394.9,452.37,400.0
2025-04,2025-04-01,19,Pulse Mash (Washed) 1 Kg,Pulse Mash (Washed),Pulse Mash (Washed),Pulses & Legumes,1 Kg,463.56,2025-04_Annexure1.pdf,503.75,489.9,420.0,420.0,461.0,479.19,480.0,471.03,443.31,411.97,424.72,454.92,533.25,443.31,489.9,504.94,469.78
2025-04,2025-04-01,20,Pulse Gram 1 Kg,Pulse Gram,Pulse Gram,Pulses & Legumes,1 Kg,309.17,2025-04_Annexure1.pdf,364.63,358.46,281.31,292.2,277.19,300.0,274.12,304.33,281.49,304.67,295.75,293.18,314.91,318.08,308.2,337.41,373.21
2025-04,2025-04-01,21,Potatoes 1 Kg,Potatoes,Potatoes,Vegetables,1 Kg,63.61,2025-04_Annexure1.pdf,71.21,70.94,60.0,60.77,58.07,50.0,54.77,61.04,63.98,71.16,68.75,56.46,57.56,79.93,60.0,64.48,81.2
2025-04,2025-04-01,22,Onions 1 Kg,Onions,Onions,Vegetables,1 Kg,56.54,2025-04_Annexure1.pdf,81.76,75.76,64.47,60.77,53.42,43.28,52.33,51.4,57.32,61.22,48.15,42.29,37.25,76.07,56.33,46.33,77.38
2025-04,2025-04-01,23,Tomatoes 1 Kg,Tomatoes,Tomatoes,Vegetables,1 Kg,64.93,2025-04_Annexure1.pdf,100.64,97.49,79.47,87.12,71.24,68.13,74.01,61.48,69.1,58.12,43.86,38.34,31.09,94.04,58.96,52.8,70.3
2025-05,2025-05-01,17,Pulse Masoor (Washed) 1 Kg,Pulse Masoor (Washed),Pulse Masoor (Washed),Pulses & Legumes,1 Kg,293.92,2025-05_Annexure1.pdf,348.79,347.96,271.61,270.0,280.83,295.76,279.15,327.72,263.29,292.75,291.5,275.0,280.0,297.19,277.47,329.94,286.51
2025-05,2025-05-01,18,Pulse Moong (Washed) 1 Kg,Pulse Moong (Washed),Pulse Moong (Washed),Pulses & Legumes,1 Kg,400.82,2025-05_Annexure1.pdf,432.27,398.54,384.11,390.0,389.48,371.66,400.82,407.7,393.31,393.15,414.5,414.91,389.69,395.23,389.87,439.95,414.73
2025-05,2025-05-01,19,Pulse Mash (Washed) 1 Kg,Pulse Mash (Washed),Pulse Mash (Washed),Pulses & Legumes,1 Kg,457.78,2025-05_Annexure1.pdf,503.75,489.9,420.0,420.0,458.52,479.19,480.0,471.03,434.14,410.04,430.28,440.0,509.25,426.31,474.92,482.39,469.78
2025-05,2025-05-01,20,Pulse Gram 1 Kg,Pulse Gram,Pulse Gram,Pulses & Legumes,1 Kg,314.58,2025-05_Annexure1.pdf,364.63,358.46,281.64,290.0,274.72,291.95,291.5,317.55,292.47,308.54,297.47,306.52,324.89,327.17,329.05,339.94,373.21
2025-05,2025-05-01,21,Potatoes 1 Kg,Potatoes,Potatoes,Vegetables,1 Kg,62.85,2025-05_Annexure1.pdf,81.96,72.37,61.56,61.56,61.31,52.65,50.76,60.0,62.36,68.07,56.85,52.33,49.44,75.95,62.95,62.02,91.12
2025-05,2025-05-01,22,Onions 1 Kg,Onions,Onions,Vegetables,1 Kg,45.51,2025-05_Annexure1.pdf,69.36,60.8,52.95,44.72,46.65,38.13,42.29,39.05,39.05,49.07,44.04,36.34,30.71,54.71,42.3,39.47,60.98
2025-05,2025-05-01,23,Tomatoes 1 Kg,Tomatoes,Tomatoes,Vegetables,1 Kg,49.05,2025-05_Annexure1.pdf,72.45,69.13,56.5,51.54,46.52,50.0,48.23,47.59,43.13,62.71,60.68,31.3,16.35,62.52,44.72,48.52,62.1
2025-06,2025-06-01,17,Pulse Masoor (Washed) 1 Kg,Pulse Masoor (Washed),Pulse Masoor (Washed),Pulses & Legumes,1 Kg,280.0,2025-06_Annexure1.pdf,330.0,353.83,380.0,340.0,351.28,360.0,270.0,270.0,270.0,270.0,270.0,270.0,270.0,280.83,290.0,280.0,280.0
2025-06,2025-06-01,18,Pulse Moong (Washed) 1 Kg,Pulse Moong (Washed),Pulse Moong (Washed),Pulses & Legumes,1 Kg,370.0,2025-06_Annexure1.pdf,420.0,441.41,470.0,390.0,411.19,430.0,380.0,380.0,380.0,380.0,380.0,380.0,380.0,389.48,400.0,360.0,363.3
2025-06,2025-06-01,19,Pulse Mash (Washed) 1 Kg,Pulse Mash (Washed),Pulse Mash (Washed),Pulses & Legumes,1 Kg,470.0,2025-06_Annexure1.pdf,480.0,503.75,530.0,480.0,489.9,500.0,410.0,416.64,420.0,420.0,420.0,420.0,450.0,458.52,470.0,460.0,463.31
2025-06,2025-06-01,20,Pulse Gram 1 Kg,Pulse Gram,Pulse Gram,Pulses & Legumes,1 Kg,290.0,2025-06_Annexure1.pdf,340.0,364.63,400.0,340.0,358.46,380.0,280.0,280.0,280.0,290.0,290.0,290.0,270.0,274.72,280.0,280.0,283.29
2025-06,2025-06-01,21,Potatoes 1 Kg,Potatoes,Potatoes,Vegetables,1 Kg,100.0,2025-06_Annexure1.pdf,90.0,105.41,120.0,76.0,96.12,120.0,80.0,86.53,90.0,90.0,93.22,100.0,80.0,87.12,100.0,80.0,86.18
2025-06,2025-06-01,22,Onions 1 Kg,Onions,Onions,Vegetables,1 Kg,50.0,2025-06_Annexure1.pdf,60.0,69.31,90.0,48.0,61.06,70.0,60.0,60.0,60.0,60.0,60.0,60.0,60.0,62.74,70.0,50.0,50.0
2025-06,2025-06-01,23,Tomatoes 1 Kg,Tomatoes,Tomatoes,Vegetables,1 Kg,80.0,2025-06_Annexure1.pdf,80.0,97.41,120.0,68.0,87.12,110.0,80.0,80.0,80.0,80.0,80.0,80.0,80.0,87.85,100.0,80.0,80.0
2025-07,2025-07-01,17,Pulse Masoor (Washed),Pulse Masoor (Washed),Pulse Masoor (Washed),Pulses & Legumes,1 Kg,295.99,2025-07_Annexure1.xlsx,352.48,349.8,270.0,270.0,278.95,290.15,276.63,324.37,266.62,301.11,299.78,300.0,281.29,297.08,275.96,329.94,286.51
2025-07,2025-07-01,18,Pulse Moong (Washed),Pulse Moong (Washed),Pulse Moong (Washed),Pulses & Legumes,1 Kg,398.37,2025-07_Annexure1.xlsx,439.71,409.03,371.64,361.81,385.06,363.3,398.58,398.88,393.31,385.58,413.58,420.0,395.13,389.37,380.0,449.95,430.0
2025-07,2025-07-01,19,Pulse Mash (Washed),Pulse Mash (Washed),Pulse Mash (Washed),Pulses & Legumes,1 Kg,455.19,2025-07_Annexure1.xlsx,503.75,489.9,413.94,420.0,458.52,471.29,480.0,471.03,436.64,408.45,421.63,440.0,520.45,438.88,460.0,509.96,416.02
2025-07,2025-07-01,20,Pulse Gram,Pulse Gram,Pulse Gram,Pulses & Legumes,1 Kg,313.38,2025-07_Annexure1.xlsx,364.63,358.46,280.0,285.96,274.72,283.29,286.54,324.81,291.83,318.95,297.47,306.52,320.0,336.19,315.9,357.92,346.54
2025-07,2025-07-01,21,Potatoes,Potatoes,Potatoes,Vegetables,1 Kg,83.95,2025-07_Annexure1.xlsx,103.45,97.59,93.14,94.54,88.99,96.01,89.38,93.23,100.0,76.28,73.68,60.0,63.16,93.66,68.39,70.71,83.65
2025-07,2025-07-01,22,Onions,Onions,Onions,Vegetables,1 Kg,55.97,2025-07_Annexure1.xlsx,73.98,65.1,60.0,67.32,60.45,50.61,55.67,59.04,52.35,58.04,51.49,40.0,52.35,67.32,50.54,49.11,48.54
2025-07,2025-07-01,23,Tomatoes,Tomatoes,Tomatoes,Vegetables,1 Kg,85.63,2025-07_Annexure1.xlsx,118.02,103.01,105.22,98.67,110.06,89.35,86.35,82.77,102.87,98.82,86.43,74.87,85.57,82.26,64.47,44.82,60.31
2025-08,2025-08-01,17,Pulse Masoor (Washed),Pulse Masoor (Washed),Pulse Masoor (Washed),Pulses & Legumes,1 Kg,295.31,2025-08_Annexure1.xlsx,339.13,339.19,270.0,270.0,276.15,283.13,280.0,322.16,266.62,304.78,299.78,300.0,280.0,294.5,280.0,329.94,300.0
2025-08,2025-08-01,18,Pulse Moong (Washed),Pulse Moong (Washed),Pulse Moong (Washed),Pulses & Legumes,1 Kg,382.13,2025-08_Annexure1.xlsx,425.29,397.44,325.75,327.47,373.49,360.82,368.03,398.88,393.31,380.84,410.32,417.45,362.41,369.09,344.66,449.89,416.18
2025-08,2025-08-01,19,Pulse Mash (Washed),Pulse Mash (Washed),Pulse Mash (Washed),Pulses & Legumes,1 Kg,447.58,2025-08_Annexure1.xlsx,503.75,489.9,403.31,410.0,447.65,470.83,480.0,471.03,433.27,404.02,415.09,437.45,488.8,434.96,456.64,489.96,394.84
2025-08,2025-08-01,20,Pulse Gram,Pulse Gram,Pulse Gram,Pulses & Legumes,1 Kg,307.55,2025-08_Annexure1.xlsx,354.01,352.74,280.0,280.0,267.18,288.31,280.0,303.65,293.18,314.42,294.9,306.52,320.0,326.07,303.24,339.94,342.94
2025-08,2025-08-01,21,Potatoes,Potatoes,Potatoes,Vegetables,1 Kg,81.92,2025-08_Annexure1.xlsx,103.95,98.4,90.79,86.53,76.93,91.95,91.58,99.42,100.0,76.26,65.39,60.0,56.84,91.37,67.35,72.15,86.18
2025-08,2025-08-01,22,Onions,Onions,Onions,Vegetables,1 Kg,69.73,2025-08_Annexure1.xlsx,97.64,84.19,80.0,77.66,77.01,64.28,67.01,76.67,74.83,65.03,62.85,54.77,69.76,87.66,70.4,46.57,50.0
2025-08,2025-08-01,23,Tomatoes,Tomatoes,Tomatoes,Vegetables,1 Kg,112.16,2025-08_Annexure1.xlsx,138.79,125.15,134.8,119.92,135.63,101.85,114.51,118.29,132.49,113.78,107.68,115.7,102.39,107.0,107.48,66.17,91.48
2025-09,2025-09-01,17,Pulse Masoor (Washed),Pulse Masoor (Washed),Pulse Masoor (Washed),Pulses & Legumes,1 Kg,295.39,2025-09_Annexure1.xlsx,329.21,331.65,264.95,267.46,276.15,300.0,280.0,322.16,266.62,307.47,299.78,300.0,280.0,284.54,274.86,329.94,322.23
2025-09,2025-09-01,18,Pulse Moong (Washed),Pulse Moong (Washed),Pulse Moong (Washed),Pulses & Legumes,1 Kg,387.18,2025-09_Annexure1.xlsx,419.95,399.08,337.47,337.47,368.52,370.0,391.56,407.15,388.21,381.12,404.65,409.88,364.17,367.53,371.18,469.85,415.46
2025-09,2025-09-01,19,Pulse Mash (Washed),Pulse Mash (Washed),Pulse Mash (Washed),Pulses & Legumes,1 Kg,448.35,2025-09_Annexure1.xlsx,503.75,489.9,401.65,402.41,437.04,480.0,480.0,471.03,419.06,402.41,404.69,429.88,481.64,429.72,456.64,489.96,465.04
2025-09,2025-09-01,20,Pulse Gram,Pulse Gram,Pulse Gram,Pulses & Legumes,1 Kg,308.8,2025-09_Annexure1.xlsx,342.86,345.79,276.62,277.47,274.72,300.0,294.1,313.23,288.08,312.46,294.9,306.52,320.0,322.47,294.9,349.94,352.61
2025-09,2025-09-01,21,Potatoes,Potatoes,Potatoes,Vegetables,1 Kg,84.86,2025-09_Annexure1.xlsx,110.97,101.58,90.0,87.12,81.94,91.58,98.65,90.62,108.15,76.63,69.7,60.0,63.22,92.0,70.66,77.14,94.25
2025-09,2025-09-01,22,Onions,Onions,Onions,Vegetables,1 Kg,86.43,2025-09_Annexure1.xlsx,127.81,118.19,100.0,97.4,87.67,82.39,76.52,86.58,100.0,80.25,74.95,72.0,84.45,105.47,77.27,62.4,64.02
2025-09,2025-09-01,23,Tomatoes,Tomatoes,Tomatoes,Vegetables,1 Kg,198.04,2025-09_Annexure1.xlsx,245.66,233.27,246.57,240.76,216.67,232.84,209.2,220.99,238.02,171.41,172.18,170.85,201.02,187.17,141.81,130.48,167.23
2025-10,2025-10-01,17,Pulse Masoor (Washed),Pulse Masoor (Washed),Pulse Masoor (Washed),Pulses & Legumes,1 Kg,294.32,2025-10_Annexure1.xlsx,322.99,323.2,257.97,260.0,276.15,303.9,280.0,322.16,262.55,307.84,293.77,300.0,280.0,285.29,275.88,339.88,330.0
2025-10,2025-10-01,18,Pulse Moong (Washed),Pulse Moong (Washed),Pulse Moong (Washed),Pulses & Legumes,1 Kg,383.58,2025-10_Annexure1.xlsx,416.22,397.07,340.0,323.96,364.29,351.7,396.64,395.56,367.88,385.58,395.27,409.88,365.93,367.3,364.43,485.89,421.03
2025-10,2025-10-01,19,Pulse Mash (Washed),Pulse Mash (Washed),Pulse Mash (Washed),Pulses & Legumes,1 Kg,448.06,2025-10_Annexure1.xlsx,503.75,489.9,400.0,390.0,437.04,480.0,480.0,471.03,399.8,403.58,398.29,429.88,480.0,435.53,454.64,499.88,493.24
2025-10,2025-10-01,20,Pulse Gram,Pulse Gram,Pulse Gram,Pulses & Legumes,1 Kg,299.69,2025-10_Annexure1.xlsx,337.91,332.33,251.23,267.97,269.78,281.62,286.54,298.84,259.14,311.72,290.2,300.0,320.0,320.32,294.56,337.92,359.63
2025-10,2025-10-01,21,Potatoes,Potatoes,Potatoes,Vegetables,1 Kg,83.38,2025-10_Annexure1.xlsx,117.61,104.68,90.0,82.55,76.99,83.2,91.58,98.52,113.95,77.08,69.05,60.0,61.29,92.51,62.16,72.34,92.83
2025-10,2025-10-01,22,Onions,Onions,Onions,Vegetables,1 Kg,110.52,2025-10_Annexure1.xlsx,150.54,142.25,124.2,120.36,111.96,104.67,105.05,116.89,121.42,113.82,109.3,94.96,86.8,140.27,110.91,71.89,85.44
2025-10,2025-10-01,23,Tomatoes,Tomatoes,Tomatoes,Vegetables,1 Kg,264.57,2025-10_Annexure1.xlsx,323.7,314.74,304.2,330.31,298.44,291.13,296.28,289.57,286.03,237.78,217.17,230.11,225.03,275.49,237.15,182.53,219.09
2025-11,2025-11-01,17,Pulse Masoor (Washed),Pulse Masoor (Washed),Pulse Masoor (Washed),Pulses & Legumes,1 Kg,290.25,2025-11_Annexure1.xlsx,321.23,323.2,258.24,260.0,275.43,306.52,280.0,322.16,262.36,299.19,289.83,280.0,280.0,284.12,269.81,317.4,319.68
2025-11,2025-11-01,18,Pulse Moong (Washed),Pulse Moong (Washed),Pulse Moong (Washed),Pulses & Legumes,1 Kg,377.9,2025-11_Annexure1.xlsx,413.61,397.07,344.96,320.0,357.68,340.0,396.64,379.94,353.3,385.93,391.36,409.88,365.93,364.69,329.54,479.96,426.17
2025-11,2025-11-01,19,Pulse Mash (Washed),Pulse Mash (Washed),Pulse Mash (Washed),Pulses & Legumes,1 Kg,443.56,2025-11_Annexure1.xlsx,498.76,481.87,384.9,390.0,438.05,480.0,480.0,471.03,380.0,405.35,397.88,429.88,480.0,426.86,447.31,487.44,493.24
2025-11,2025-11-01,20,Pulse Gram,Pulse Gram,Pulse Gram,Pulses & Legumes,1 Kg,281.01,2025-11_Annexure1.xlsx,316.82,310.72,240.0,252.46,249.62,270.0,263.04,277.96,240.82,285.84,274.72,280.0,312.96,298.51,254.47,322.33,356.33
2025-11,2025-11-01,21,Potatoes,Potatoes,Potatoes,Vegetables,1 Kg,80.4,2025-11_Annexure1.xlsx,107.18,93.54,84.49,76.58,87.04,70.65,83.89,85.15,111.87,78.08,65.06,70.0,65.39,89.1,57.33,69.69,92.83
2025-11,2025-11-01,22,Onions,Onions,Onions,Vegetables,1 Kg,143.35,2025-11_Annexure1.xlsx,185.48,179.1,160.52,156.24,155.76,132.27,139.09,144.89,140.83,137.82,135.0,129.61,121.36,174.61,148.31,121.61,101.53
2025-11,2025-11-01,23,Tomatoes,Tomatoes,Tomatoes,Vegetables,1 Kg,135.99,2025-11_Annexure1.xlsx,207.52,185.0,155.1,148.12,151.68,129.32,130.27,121.19,152.16,121.48,105.48,107.67,118.69,163.34,129.51,116.44,111.03
2025-12,2025-12-01,17,Pulse Masoor (Washed),Pulse Masoor (Washed),Pulse Masoor (Washed),Pulses & Legumes,1 Kg,283.53,2025-12_Annexure1.xlsx,316.07,313.96,240.0,249.8,275.19,316.58,267.37,322.16,264.08,289.47,271.93,280.0,284.87,283.29,260.0,302.4,300.0
2025-12,2025-12-01,18,Pulse Moong (Washed),Pulse Moong (Washed),Pulse Moong (Washed),Pulses & Legumes,1 Kg,381.49,2025-12_Annexure1.xlsx,413.61,397.07,357.47,344.61,357.57,340.0,399.16,379.94,353.3,381.7,384.49,409.88,381.29,364.41,369.86,459.95,409.76
2025-12,2025-12-01,19,Pulse Mash (Washed),Pulse Mash (Washed),Pulse Mash (Washed),Pulses & Legumes,1 Kg,437.48,2025-12_Annexure1.xlsx,497.11,479.22,380.0,384.97,438.39,480.0,458.23,471.03,380.0,396.97,381.71,429.88,463.74,424.36,440.0,487.44,476.22
2025-12,2025-12-01,20,Pulse Gram,Pulse Gram,Pulse Gram,Pulses & Legumes,1 Kg,268.04,2025-12_Annexure1.xlsx,308.1,299.46,230.0,237.14,247.32,260.78,243.29,276.59,237.46,271.59,254.51,280.0,283.24,294.32,240.0,299.93,315.82
2025-12,2025-12-01,21,Potatoes,Potatoes,Potatoes,Vegetables,1 Kg,64.68,2025-12_Annexure1.xlsx,89.21,82.22,64.76,73.15,66.6,56.46,42.34,77.93,88.64,73.34,52.56,58.68,55.85,66.4,44.72,47.3,89.44
2025-12,2025-12-01,22,Onions,Onions,Onions,Vegetables,1 Kg,99.62,2025-12_Annexure1.xlsx,139.12,140.21,111.3,104.66,104.26,95.46,94.57,98.45,96.64,94.74,78.15,80.63,75.67,127.3,100.0,87.85,91.12
2025-12,2025-12-01,23,Tomatoes,Tomatoes,Tomatoes,Vegetables,1 Kg,76.69,2025-12_Annexure1.xlsx,124.48,100.97,97.49,104.66,85.53,84.59,82.73,76.61,77.88,62.08,43.58,46.81,59.66,88.11,61.17,69.18,85.06
2026-01,2026-01-01,17,Pulse Masoor (Washed),Pulse Masoor (Washed),Pulse Masoor (Washed),Pulses & Legumes,1 Kg,273.43,2026-01_Annexure1.xlsx,306.26,303.36,230.0,240.0,275.19,289.5,253.29,310.66,247.96,273.83,251.5,280.0,286.51,282.63,251.81,287.83,295.89
2026-01,2026-01-01,18,Pulse Moong (Washed),Pulse Moong (Washed),Pulse Moong (Washed),Pulses & Legumes,1 Kg,386.05,2026-01_Annexure1.xlsx,413.61,397.07,360.0,371.98,367.46,340.33,400.0,379.94,358.77,373.74,386.54,409.88,402.09,364.41,380.0,463.84,409.76
2026-01,2026-01-01,19,Pulse Mash (Washed),Pulse Mash (Washed),Pulse Mash (Washed),Pulses & Legumes,1 Kg,429.76,2026-01_Annexure1.xlsx,498.93,480.29,408.84,387.88,438.39,420.8,443.31,458.96,377.53,385.05,373.97,429.88,433.74,424.36,423.93,469.87,476.22
2026-01,2026-01-01,20,Pulse Gram,Pulse Gram,Pulse Gram,Pulses & Legumes,1 Kg,253.66,2026-01_Annexure1.xlsx,296.75,283.56,219.23,220.0,247.32,215.21,243.29,247.1,242.53,254.57,244.52,280.0,247.89,292.1,220.0,281.56,302.59
2026-01,2026-01-01,21,Potatoes,Potatoes,Potatoes,Vegetables,1 Kg,45.03,2026-01_Annexure1.xlsx,66.94,60.57,46.53,40.51,44.21,38.9,34.4,45.89,38.74,55.82,37.86,36.34,38.97,52.89,38.49,45.3,58.06
2026-01,2026-01-01,22,Onions,Onions,Onions,Vegetables,1 Kg,74.0,2026-01_Annexure1.xlsx,104.76,101.62,78.51,83.23,75.78,70.14,70.44,70.3,62.75,68.42,58.96,52.06,74.22,93.45,76.99,64.84,71.54
2026-01,2026-01-01,23,Tomatoes,Tomatoes,Tomatoes,Vegetables,1 Kg,79.38,2026-01_Annexure1.xlsx,120.65,108.31,105.35,101.41,94.7,84.96,91.54,73.92,71.7,56.96,52.53,48.91,68.64,97.56,72.54,64.3,79.28
2026-02,2026-02-01,17,Pulse Masoor (Washed),Pulse Masoor (Washed),Pulse Masoor (Washed),Pulses & Legumes,1 Kg,264.58,2026-02_Annexure1.xlsx,293.87,293.87,227.46,242.49,260.05,259.4,253.29,303.22,263.29,260.5,248.74,264.58,261.32,256.09,249.43,279.84,293.18
2026-02,2026-02-01,18,Pulse Moong (Washed),Pulse Moong (Washed),Pulse Moong (Washed),Pulses & Legumes,1 Kg,391.61,2026-02_Annexure1.xlsx,413.61,397.07,360.0,404.66,377.57,341.65,400.0,379.94,389.75,382.02,391.54,414.91,405.91,368.59,372.48,462.43,409.76
2026-02,2026-02-01,19,Pulse Mash (Washed),Pulse Mash (Washed),Pulse Mash (Washed),Pulses & Legumes,1 Kg,455.64,2026-02_Annexure1.xlsx,511.31,490.88,472.32,467.21,469.5,422.95,446.64,451.08,423.31,438.98,428.05,437.45,439.62,453.27,464.7,462.43,476.22
2026-02,2026-02-01,20,Pulse Gram,Pulse Gram,Pulse Gram,Pulses & Legumes,1 Kg,252.58,2026-02_Annexure1.xlsx,308.38,290.28,229.89,224.94,247.32,213.21,243.29,235.36,256.62,256.14,245.92,264.58,228.9,263.04,240.0,267.38,300.0
2026-02,2026-02-01,21,Potatoes,Potatoes,Potatoes,Vegetables,1 Kg,36.33,2026-02_Annexure1.xlsx,60.77,51.75,35.48,27.11,35.97,29.42,28.23,33.16,28.04,48.26,34.63,30.0,30.25,50.0,37.22,35.12,40.15
2026-02,2026-02-01,22,Onions,Onions,Onions,Vegetables,1 Kg,68.89,2026-02_Annexure1.xlsx,93.52,89.25,80.79,68.87,74.57,60.98,64.81,65.44,69.76,63.39,55.26,60.0,55.61,89.14,72.0,53.25,70.99
2026-02,2026-02-01,23,Tomatoes,Tomatoes,Tomatoes,Vegetables,1 Kg,93.8,2026-02_Annexure1.xlsx,123.85,120.79,109.16,103.07,100.57,97.66,92.12,98.15,95.51,76.97,71.81,69.28,79.45,105.27,80.74,77.35,118.01
2026-03,2026-03-01,17,Pulse Masoor (Washed),Pulse Masoor (Washed),Pulse Masoor (Washed),Pulses & Legumes,1 Kg,260.97,2026-03_Annexure1.xlsx,293.87,293.87,221.64,240.0,255.19,247.26,253.29,303.22,263.29,260.02,248.95,242.14,256.3,250.1,267.18,269.92,284.4
2026-03,2026-03-01,18,Pulse Moong (Washed),Pulse Moong (Washed),Pulse Moong (Washed),Pulses & Legumes,1 Kg,388.49,2026-03_Annexure1.xlsx,413.61,397.07,360.0,354.96,377.57,341.65,400.0,379.94,382.02,388.04,391.54,420.0,405.91,370.0,372.48,454.92,409.76
2026-03,2026-03-01,19,Pulse Mash (Washed),Pulse Mash (Washed),Pulse Mash (Washed),Pulses & Legumes,1 Kg,465.34,2026-03_Annexure1.xlsx,512.99,493.88,487.33,480.0,497.02,422.95,453.29,465.14,426.56,452.85,436.64,450.0,480.0,456.64,460.0,469.9,476.22
2026-03,2026-03-01,20,Pulse Gram,Pulse Gram,Pulse Gram,Pulses & Legumes,1 Kg,249.55,2026-03_Annexure1.xlsx,297.14,286.99,222.46,214.94,247.32,216.47,243.29,235.36,256.62,254.92,246.56,250.0,229.78,256.82,236.58,267.38,300.0
2026-03,2026-03-01,21,Potatoes,Potatoes,Potatoes,Vegetables,1 Kg,31.12,2026-03_Annexure1.xlsx,52.37,43.75,30.73,21.15,32.25,22.13,21.8,24.4,20.0,47.13,33.41,30.0,22.36,48.75,26.2,38.31,41.21
2026-03,2026-03-01,22,Onions,Onions,Onions,Vegetables,1 Kg,68.13,2026-03_Annexure1.xlsx,103.03,96.99,86.59,67.01,78.54,60.49,61.48,68.3,63.31,64.65,55.17,52.22,46.26,89.37,74.01,54.56,64.43
2026-03,2026-03-01,23,Tomatoes,Tomatoes,Tomatoes,Vegetables,1 Kg,71.38,2026-03_Annexure1.xlsx,108.74,102.87,98.63,91.6,78.64,79.47,76.58,79.94,74.5,53.35,46.95,48.01,48.3,89.98,60.74,55.04,64.43
2026-04,2026-04-01,17,Pulse Masoor (Washed),Pulse Masoor (Washed),Pulse Masoor (Washed),Pulses & Legumes,1 Kg,260.69,2026-04_Annexure1.xlsx,293.87,293.87,222.18,240.0,250.14,247.57,253.29,314.37,263.29,261.96,248.41,220.0,280.0,246.53,260.0,279.87,275.89
2026-04,2026-04-01,18,Pulse Moong (Washed),Pulse Moong (Washed),Pulse Moong (Washed),Pulses & Legumes,1 Kg,389.88,2026-04_Annexure1.xlsx,413.61,397.07,360.0,364.83,377.57,342.46,400.0,391.01,365.34,390.05,392.94,420.0,405.91,370.0,380.0,463.26,409.76
2026-04,2026-04-01,19,Pulse Mash (Washed),Pulse Mash (Washed),Pulse Mash (Washed),Pulses & Legumes,1 Kg,473.46,2026-04_Annexure1.xlsx,512.99,493.88,469.72,464.76,532.48,422.4,470.25,483.26,416.56,457.56,439.1,470.0,499.6,470.49,500.0,484.93,476.22
2026-04,2026-04-01,20,Pulse Gram,Pulse Gram,Pulse Gram,Pulses & Legumes,1 Kg,250.12,2026-04_Annexure1.xlsx,284.8,281.11,220.0,216.61,245.33,216.47,243.29,249.17,256.62,253.24,246.56,250.0,246.06,257.47,240.0,261.56,300.0
2026-04,2026-04-01,21,Potatoes,Potatoes,Potatoes,Vegetables,1 Kg,33.9,2026-04_Annexure1.xlsx,56.68,48.53,30.0,36.34,33.47,23.41,24.47,28.07,22.71,49.73,33.16,27.39,23.21,49.65,30.0,43.72,41.21
2026-04,2026-04-01,22,Onions,Onions,Onions,Vegetables,1 Kg,74.43,2026-04_Annexure1.xlsx,122.48,110.82,88.46,83.2,82.55,70.12,69.13,70.96,69.06,68.43,55.93,56.46,44.2,98.49,76.52,73.49,63.74
2026-04,2026-04-01,23,Tomatoes,Tomatoes,Tomatoes,Vegetables,1 Kg,78.51,2026-04_Annexure1.xlsx,124.34,115.4,97.92,106.39,88.07,89.39,86.54,69.5,66.26,79.44,58.35,44.24,50.84,105.37,77.08,59.88,68.74
2026-05,2026-05-01,17,Pulse Masoor (Washed),Pulse Masoor (Washed),Pulse Masoor (Washed),Pulses & Legumes,1 Kg,258.88,2026-05_Annexure1.xlsx,293.87,293.87,220.0,240.0,245.19,249.1,253.29,314.37,254.27,265.99,248.14,220.0,260.0,246.53,260.0,279.93,275.89
2026-05,2026-05-01,18,Pulse Moong (Washed),Pulse Moong (Washed),Pulse Moong (Washed),Pulses & Legumes,1 Kg,389.73,2026-05_Annexure1.xlsx,413.61,397.07,355.36,390.0,370.87,346.54,400.0,391.01,364.1,391.82,396.59,420.0,405.91,370.0,373.21,459.95,393.84
2026-05,2026-05-01,19,Pulse Mash (Washed),Pulse Mash (Washed),Pulse Mash (Washed),Pulses & Legumes,1 Kg,466.54,2026-05_Annexure1.xlsx,512.99,493.88,420.0,450.0,512.8,419.68,473.31,488.7,400.85,464.09,441.58,470.0,480.0,472.16,500.0,473.27,476.22
2026-05,2026-05-01,20,Pulse Gram,Pulse Gram,Pulse Gram,Pulses & Legumes,1 Kg,247.57,2026-05_Annexure1.xlsx,282.78,279.81,220.0,220.0,236.13,216.47,243.29,245.51,231.59,255.5,246.56,250.0,244.39,256.12,240.0,256.54,300.0
2026-05,2026-05-01,21,Potatoes,Potatoes,Potatoes,Vegetables,1 Kg,35.54,2026-05_Annexure1.xlsx,53.02,46.99,30.0,40.0,38.44,30.0,26.04,32.32,27.11,48.36,34.07,30.0,24.28,48.78,30.0,40.37,41.21
2026-05,2026-05-01,22,Onions,Onions,Onions,Vegetables,1 Kg,70.08,2026-05_Annexure1.xlsx,101.58,90.52,80.0,100.0,80.97,62.09,64.25,71.08,55.33,73.41,58.52,55.93,43.86,83.05,76.52,57.92,65.42
2026-05,2026-05-01,23,Tomatoes,Tomatoes,Tomatoes,Vegetables,1 Kg,60.91,2026-05_Annexure1.xlsx,98.22,87.83,61.04,71.23,48.78,51.02,62.25,48.83,41.25,79.03,63.19,35.57,54.37,75.87,59.44,55.43,77.29
2026-06,2026-06-01,17,Pulse Masoor (Washed),Pulse Masoor (Washed),Pulse Masoor (Washed),Pulses & Legumes,1 Kg,258.81,2026-06_Annexure1.xlsx,293.87,293.87,220.0,240.0,245.19,249.1,253.29,314.37,246.62,261.19,250.32,220.0,260.0,246.53,260.0,289.93,275.89
2026-06,2026-06-01,18,Pulse Moong (Washed),Pulse Moong (Washed),Pulse Moong (Washed),Pulses & Legumes,1 Kg,384.47,2026-06_Annexure1.xlsx,413.61,397.07,326.63,390.0,364.37,346.54,393.79,391.01,353.21,382.4,398.29,420.0,405.91,370.0,360.0,449.95,391.92
2026-06,2026-06-01,19,Pulse Mash (Washed),Pulse Mash (Washed),Pulse Mash (Washed),Pulses & Legumes,1 Kg,461.62,2026-06_Annexure1.xlsx,512.99,493.88,420.0,450.0,498.8,421.86,473.31,488.7,379.73,454.47,420.38,470.0,463.87,469.14,500.0,476.6,476.22
2026-06,2026-06-01,20,Pulse Gram,Pulse Gram,Pulse Gram,Pulses & Legumes,1 Kg,245.61,2026-06_Annexure1.xlsx,282.78,279.81,211.09,216.61,233.53,216.47,243.29,245.51,213.12,254.07,246.56,250.0,252.14,254.22,240.0,259.92,295.44
2026-06,2026-06-01,21,Potatoes,Potatoes,Potatoes,Vegetables,1 Kg,45.06,2026-06_Annexure1.xlsx,79.69,65.26,35.83,40.0,43.11,35.2,38.83,46.84,28.23,55.5,46.13,40.0,42.59,50.87,31.98,42.23,74.91
2026-06,2026-06-01,22,Onions,Onions,Onions,Vegetables,1 Kg,90.5,2026-06_Annexure1.xlsx,120.08,108.51,106.27,100.0,96.99,89.63,83.2,95.02,82.83,85.97,88.81,80.0,72.85,97.65,80.0,84.02,79.61
2026-06,2026-06-01,23,Tomatoes,Tomatoes,Tomatoes,Vegetables,1 Kg,96.24,2026-06_Annexure1.xlsx,121.03,116.19,96.55,83.2,89.12,87.83,112.12,107.27,98.08,109.0,104.28,86.18,85.37,83.11,72.68,120.62,82.01
2026-07,2026-07-01,17,Pulse Masoor (Washed),Pulse Masoor (Washed),Pulse Masoor (Washed),Pulses & Legumes,1 Kg,257.64,2026-07_Annexure1.xlsx,293.87,293.87,221.96,240.0,239.14,249.1,253.29,314.37,235.66,260.77,245.93,223.86,280.0,246.53,240.0,287.69,275.89
2026-07,2026-07-01,18,Pulse Moong (Washed),Pulse Moong (Washed),Pulse Moong (Washed),Pulses & Legumes,1 Kg,368.16,2026-07_Annexure1.xlsx,403.46,386.41,283.89,381.87,351.72,346.54,328.36,391.01,307.17,380.02,399.49,415.92,407.76,355.62,327.85,433.83,396.42
2026-07,2026-07-01,19,Pulse Mash (Washed),Pulse Mash (Washed),Pulse Mash (Washed),Pulses & Legumes,1 Kg,453.55,2026-07_Annexure1.xlsx,512.99,493.88,425.26,450.0,477.69,426.24,473.31,488.7,379.73,445.49,406.4,457.98,464.14,463.43,440.0,455.88,468.8
2026-07,2026-07-01,20,Pulse Gram,Pulse Gram,Pulse Gram,Pulses & Legumes,1 Kg,246.04,2026-07_Annexure1.xlsx,284.26,281.01,217.09,220.0,235.13,216.47,243.29,245.51,213.12,254.32,242.26,250.0,270.48,255.81,230.0,249.84,293.18
2026-07,2026-07-01,21,Potatoes,Potatoes,Potatoes,Vegetables,1 Kg,54.98,2026-07_Annexure1.xlsx,79.69,65.03,60.0,60.63,54.84,57.15,55.69,61.74,52.11,57.55,49.03,40.0,43.09,57.39,33.02,49.52,79.29
2026-07,2026-07-01,22,Onions,Onions,Onions,Vegetables,1 Kg,101.81,2026-07_Annexure1.xlsx,130.89,128.87,118.11,102.58,117.08,100.0,95.2,102.53,102.24,95.2,104.22,83.65,76.38,119.19,95.64,89.88,87.47
2026-07,2026-07-01,23,Tomatoes,Tomatoes,Tomatoes,Vegetables,1 Kg,264.13,2026-07_Annexure1.xlsx,319.17,313.36,299.73,299.26,281.86,278.85,277.0,266.58,278.42,265.84,266.74,230.31,218.75,287.03,249.28,201.6,198.45
